id,bulletin,description,grupo_muestreo,is_relevant_gt,categories_gt,subcategories_gt,notas_anotador
0,docm,"Notificación de 24/01/2025, de la Delegación Provincial de Educación, Cultura y Deportes de Albacete, de acuerdos de inicio de reintegro de ayuda al estudio.",SUB_REV,True,SUB_REV,sector_educacion,Inicio reintegro ayuda al estudio
1,bocm,"Concesión subvenciones
– Orden de 27 de diciembre de 2024, de la Consejería de Vivienda, Transportes e Infraestructuras, por la que se declara la pérdida del derecho al cobro a los beneficiarios de las subvenciones al alquiler de vivienda en la Comunidad de Madrid convocadas para el año 2022 mediante Orden 3608/2022, de 19 de octubre de 2022",SUB_REV,True,SUB_REV,sector_vivienda,Perdida derecho al cobro subvenciones alquiler
2,boja,"Acuerdo de 25 de febrero de 2025, de la Delegación Territorial de Fomento, Articulación del Territorio y Vivienda en Málaga, por el que se inicia procedimiento de declaración de pérdida del derecho al cobro de determinadas ayudas concedidas al amparo de la Orden 27 de julio de 2020, destinadas a atender el pago del alquiler de la vivienda habitual, correspondiente a la Línea 1 de la convocatoria aprobada por Orden de 1 de septiembre de 2020 (BOJA núm. 174, de 8 de septiembre).",SUB_REV,True,SUB_REV,sector_vivienda,Inicio perdida derecho al cobro ayudas alquiler
3,boja,"Anuncio de 14 de enero de 2025, de la Dirección General de Andalucía Global, de notificación de reintegro de subvención.",SUB_REV,True,SUB_REV,,Notificacion reintegro subvencion sin sector
4,dog,"ACUERDO de 13 de enero de 2025, del Departamento Territorial de Ourense, por el que se da publicidad al inicio de tres expedientes de reintegro de ayudas al estudio.",SUB_REV,True,SUB_REV,sector_educacion,Inicio expedientes reintegro ayudas estudio
5,docm,"Notificación de 06/02/2025, de la Delegación Provincial de Educación, Cultura y Deportes de Toledo, de acuerdos de inicio de expedientes de reintegro de ayuda al estudio.",SUB_REV,True,SUB_REV,sector_educacion,Inicio reintegro ayuda al estudio
6,bocm,"Concesión subvenciones
– Orden de 27 de diciembre de 2024, de la Consejería de Vivienda, Transportes e Infraestructuras, por la que se declara la pérdida del derecho al cobro de determinadas cuantías a los beneficiarios de las subvenciones al alquiler de vivienda en la Comunidad de Madrid convocadas para el año 2022 mediante Orden 3608/2022, de 19 de octubre de 2022",SUB_REV,True,SUB_REV,sector_vivienda,Perdida derecho al cobro subvenciones alquiler
7,docm,"Notificación de 14/02/2025, de la Delegación Provincial de Educación, Cultura y Deportes de Cuenca, de acuerdo de inicio de expedientes de reintegro de ayudas al estudio.",SUB_REV,True,SUB_REV,sector_educacion,Inicio reintegro ayudas estudio
8,bon,Reintegro de subvenciones,SUB_REV,True,SUB_REV,,Reintegro de subvenciones generico BON
9,boja,"Anuncio de 22 de enero de 2025, de la Delegación Territorial de Fomento, Articulación del Territorio y Vivienda en Málaga, por el que se hace pública la relación de solicitantes de ayudas al alquiler cuyas bases son reguladas por la Orden de 1 de septiembre de 2020 (BOJA núm. 174, de 8 de septiembre de 2020), a los que no ha sido posible notificar diferentes actos relativos a procedimientos de reintegro de subvenciones.",SUB_REV,True,SUB_REV,sector_vivienda,Notificacion actos de reintegro ayudas alquiler
10,dog,"RESOLUCIÓN de 9 de diciembre de 2024 por la que se da publicidad del acuerdo del Consejo de Dirección que aprueba las bases reguladoras de las ayudas a las agrupaciones empresariales (clústeres) innovadoras en la Comunidad Autónoma de Galicia para el año 2025, y se procede a su convocatoria en régimen de concurrencia competitiva (código de procedimiento IG410A).",MULTILABEL_BC,True,"SUB_BASE, SUB_CONV","sector_industria, sector_investigacion",Acto completo: aprueba bases y convoca. Clusteres innovadores
11,dog,"ORDEN de 30 de diciembre de 2024 por la que se establecen las bases reguladoras para la concesión de subvenciones para la prevención de los daños causados a los bosques por incendios, desastres naturales y catástrofes en montes vecinales en mano común y agrupaciones forestales de gestión conjunta, cofinanciadas con el Fondo Europeo Agrícola de Desarrollo Rural (Feader) en el marco del Plan estratégico de la política agraria común (PEPAC) 2023-2027 y se convocan para el año 2025 (código de procedimiento MR651A).",MULTILABEL_BC,True,"SUB_BASE, SUB_CONV",sector_agricultura,Acto completo: bases y convocatoria. Prevencion incendios forestales
12,boja,"Extracto de 4 de febrero de 2025, de la Universidad de Huelva, por la que se aprueban las bases reguladoras y la convocatoria de Premios la Frente Pensativa y Zenobia Camprubí a Trabajos de Fin de Grado y Fin de Máster de la Cátedra Juan Ramón Jiménez, convocatoria 2024.",MULTILABEL_BC,True,SUB_CONV,sector_educacion,Extracto BDNS aunque apruebe bases. Premios TFG/TFM
13,dog,"EXTRACTO de la Orden de 3 de enero de 2025 por la que se establecen las bases reguladoras de los programas de subvenciones para sufragar los gastos de funcionamiento de las entidades asociativas gallegas de personas trabajadoras autónomas y la contratación de personal de apoyo, y se convocan para el año 2025 (código de procedimiento TR358A).",MULTILABEL_BC,True,SUB_CONV,"sector_industria, sector_empleo",Extracto BDNS. Entidades de autonomos y contratacion personal apoyo
14,dog,"EXTRACTO de la Resolución de 13 de enero de 2025 por la que se da publicidad del acuerdo del Consejo de Dirección que aprueba las bases reguladoras de las ayudas a proyectos que impulsen y refuercen la transición a la cadena de valor del vehículo eléctrico y a la descarbonización del sector de automoción en Galicia, cofinanciadas por la Unión Europea en el marco del programa Galicia Feder 2021-2027 para el año 2025, y se procede a su convocatoria en régimen de concurrencia no competitiva (código de procedimiento IN422P (línea 3).",MULTILABEL_BC,True,SUB_CONV,sector_industria,Extracto BDNS. Vehiculo electrico automocion
15,boja,"Extracto de la Orden de 10 de enero de 2025, por la que se convocan para el año 2025 las ayudas previstas en la Orden de 13 de marzo de 2024, por la que se aprueban las bases reguladoras para la concesión de ayudas a la ejecución de programas nacionales veterinarios por las Asociaciones de Defensa Sanitaria Ganadera, en régimen de concurrencia no competitiva.",MULTILABEL_BC,True,SUB_CONV,sector_agricultura,Extracto. Convoca ayudas con bases previas. Veterinaria ADS
16,boja,"Extracto de 9 de enero de 2025, de la Universidad de Huelva, por la que se aprueban las bases reguladoras y la convocatoria del IV Concurso de Fotografía Miradas Erasmus de la Universidad de Huelva.",MULTILABEL_BC,True,SUB_CONV,sector_cultura,Extracto BDNS. Concurso fotografia con premio
17,dog,"EXTRACTO de la Orden de 27 de diciembre de 2024 por la que se establecen las bases reguladoras para la concesión de subvenciones públicas, destinadas a la financiación del Programa Investigo, de contratación de personas jóvenes demandantes de empleo en la realización de iniciativas de investigación e innovación, y se procede a su convocatoria para el ejercicio 2025 (código de procedimiento TR349V).",MULTILABEL_BC,True,SUB_CONV,"sector_empleo, sector_investigacion",Extracto BDNS. Programa Investigo
18,bon,"RESOLUCIÓN 94E/2025, de 12 de febrero, de la directora general de Transportes y Movilidad Sostenible, por la que se aprueban, la convocatoria para el año 2025 y las bases reguladoras de la subvención destinada a la financiación del curso para la obtención del certificado de aptitud profesional acreditativo de la cualificación inicial de los conductores, residentes en Navarra, de determinados vehículos destinados al transporte por carretera. Identificación BDNS: 814522.",MULTILABEL_BC,True,"SUB_BASE, SUB_CONV",sector_empleo,Acto completo: aprueba convocatoria y bases. Formacion CAP conductores
19,dogv,"EXTRACTO de la Resolución de 28 de febrero de 2025, del Vicerrectorado de Innovación y Transferencia, por la que se convocan y aprueban las bases reguladoras de los premios ToxiCOIL dirigidos a estudiantes de grado, máster y doctorado de la Universitat de València, de la Université de Bourgogne Europe-Institut Agro-Dijon (Francia) y la Università degli Studi di Palermo (Italia), del curso 2024-2025, con el mecenazgo de Santander Universidades y en el marco del programa internacional UVEMPREN.",MULTILABEL_BC,True,SUB_CONV,sector_educacion,Extracto BDNS. Premios estudiantes universitarios
20,dog,"EXTRACTO de la Resolución de 27 de decembro de 2024 por la que se establecen las bases reguladoras, en régimen de concurrencia competitiva, para la concesión de subvenciones a la creación audiovisual para la promoción del talento audiovisual gallego y se convocan para el año 2025 (código de procedimiento CT207E).",MULTILABEL_BC,True,SUB_CONV,sector_cultura,Extracto BDNS. Creacion audiovisual
21,docm,"Resolución de 20/01/2025, del Instituto de Promoción Exterior de Castilla-La Mancha, por la que se aprueba la convocatoria de concesión de subvenciones para la participación en la Feria Micam I Shoe Event Milán 2025, al amparo de la Orden 152/2022, de 29 de julio, de la Consejería de Economía, Empresas y Empleo, por la que se establecen las bases reguladoras de las ayudas para la participación agrupada en acciones de internacionalización convocadas por el Instituto de Promoción Exterior de Castilla-La Mancha. Extracto BDNS (Identif.): 810396.",MULTILABEL_BC,True,SUB_CONV,sector_industria,Convocatoria de concesion: el acto convoca. Bases en orden previa. Feria internacionalizacion
22,dog,"EXTRACTO de la Orden de 20 de diciembre de 2024 por la que se establecen las bases reguladoras de las ayudas, en régimen de concurrencia competitiva, para actuaciones encaminadas a la protección de los animales domésticos de compañía abandonados en Galicia y se convocan ayudas para el año 2025, destinadas a las asociaciones inscritas en el Registro Gallego de Asociaciones para la Protección y Defensa de los Animales de Compañía (código de procedimiento MT811B).",MULTILABEL_BC,True,SUB_CONV,,Extracto BDNS. Proteccion animales sin sector en taxonomia
23,dog,"ORDEN de 24 de febrero de 2025 por la que se establecen las bases reguladoras para la concesión de las ayudas para el sector editorial gallego, relativas a gastos de edición, distribución y comercialización de las publicaciones editoriales en el año 2025, y se procede a su convocatoria para el año 2025 (código de procedimiento CT238A).",MULTILABEL_BC,True,"SUB_BASE, SUB_CONV",sector_cultura,Acto completo: bases y convocatoria. Sector editorial
24,dog,ANUNCIO de la convocatoria y bases reguladoras de la oferta de empleo público extraordinaria para estabilizar el empleo temporal del año 2024.,MULTILABEL_BC,False,,,Oferta de empleo publico estabilizacion: RRHH B5 no subvencion
25,dogc,"Anuncio sobre publicación de las bases reguladoras y las convocatorias para la selección de plazas de personal funcionario de carrera, incluidas en la oferta pública de empleo para el año 2023 (exp. 427/2025, 444/2025 y 609/2025)",NEGATIVO_RRHH,False,,,Seleccion plazas funcionario: RRHH
26,dogc,"Edicto relativo a las bases reguladoras del proceso de selección mediante concurso-oposición para cubrir con carácter interino el puesto de trabajo de secretaría de clase tercera, subescala de secretaría-intervención, y constitución de una bolsa de trabajo del Ayuntamiento de Sudanell",NEGATIVO_RRHH,False,,,Bases proceso seleccion secretaria interina: RRHH
27,dogc,"Edicto por el que se hace pública la aprobación de la convocatoria y bases reguladoras del proceso de selección para incorporar a un/a técnico/a auxiliar para llevar a cabo el Proyecto de implementación de las acciones para certificar Viladecans como ciudad residuo cero, y la creación de la correspondiente bolsa de trabajo del Ayuntamiento de Viladecans",NEGATIVO_RRHH,False,,,Bases seleccion tecnico y bolsa trabajo: RRHH
28,dogc,"Anuncio sobre aprobación de la convocatoria y de las bases reguladoras para la cobertura definitiva de una plaza de técnico/a de ciudadanía, y constitución de una bolsa de trabajo",NEGATIVO_RRHH,False,,,Bases cobertura plaza tecnico y bolsa: RRHH
29,dogc,"Anuncio por el que se hace pública la aprobación de las bases reguladoras del proceso de selección, mediante el sistema de concurso-oposición, para cubrir una plaza de psicólogo juvenil, y la constitución de una bolsa de trabajo",NEGATIVO_RRHH,False,,,Bases concurso-oposicion psicologo y bolsa: RRHH
30,dogc,"Edicto sobre aprobación de las bases reguladoras y la convocatoria que regirán el proceso selectivo para la creación de una bolsa de trabajo de funcionario interino para la ejecución de un programa de carácter temporal de técnico/a medio/a por el Plan educativo de entorno, grupo A, subgrupo A2 (X2024002739)",NEGATIVO_RRHH,False,,,Bases proceso selectivo bolsa trabajo: RRHH
31,dogc,Edicto sobre aprobación de las bases reguladoras del procedimiento de selección para la creación de una bolsa de trabajo de técnicos/as de empleo en el Ayuntamiento de Banyoles,NEGATIVO_RRHH,False,,,Bases bolsa tecnicos de empleo: RRHH
32,boja,"Anuncio de 10 de diciembre de 2024, del Ayuntamiento de Zalamea la Real, de las bases reguladoras y convocatoria del procedimiento de selección para la provisión, mediante funcionarios de carrera, de las dos plazas de personal administrativo incluidas en la Oferta de Empleo Público del ejercicio 2022. (PP. 10232/2024).",NEGATIVO_RRHH,False,,,Bases provision plazas OEP: RRHH
33,dogc,"Anuncio relativo a la convocatoria y las bases reguladoras del proceso selectivo para la cobertura definitiva de una plaza de técnico/a medio/a de gestión de administración general, de la escala de administración general, subescala técnica, grupo A, subgrupo A2, de la plantilla de personal funcionario del Ayuntamiento de Parets del Vallès, de acceso libre, y constitución de una bolsa de trabajo (exp. 2845/2024)",NEGATIVO_RRHH,False,,,Bases proceso selectivo plaza tecnico y bolsa: RRHH
34,dogc,"Anuncio sobre aprobación de las bases reguladoras para la convocatoria del proceso de selección para cubrir un puesto de técnico/a de gestión administrativa, adscrito a la Secretaría del Ayuntamiento de Sant Andreu de Llavaneres, subgrupo A2, en régimen de personal funcionario de carrera, mediante concurso-oposición en turno de promoción interna",NEGATIVO_RRHH,False,,,Bases seleccion tecnico promocion interna: RRHH
35,dogc,Anuncio sobre aprobación de las bases reguladoras y la convocatoria del proceso selectivo del puesto de trabajo de técnico/a auxiliar de Recursos Humanos,NEGATIVO_RRHH,False,,,Bases proceso selectivo tecnico auxiliar RRHH
36,dogc,"Anuncio relativo a la aprobación de las bases reguladoras del proceso de selección para cubrir dos plazas de agente de la Guardia Municipal, funcionarios de carrera, y la creación de una bolsa de trabajo de agentes funcionarios interinos, por turno libre, por el sistema de concurso-oposición",NEGATIVO_RRHH,False,,,Bases plazas Guardia Municipal y bolsa: RRHH
37,dogc,"Resolución ISP/498/2025, de 18 de febrero, por la que se abre la convocatoria para formar parte de la bolsa de trabajo de personal interino de las policías locales de Cataluña y se aprueban sus bases reguladoras",NEGATIVO_RRHH,False,,,Convocatoria bolsa policias locales y bases: RRHH
38,boc,"Bases reguladoras y convocatoria del procedimiento selectivo para la creación de una bolsa de trabajo temporal de Administrativos para atender las necesidades temporales y de interinidad, mediante sistema de concurso-oposición. Expediente 774/2024.",NEGATIVO_RRHH,False,,,Bases bolsa administrativos interinos: RRHH
39,bocyl,"ACUERDO de 28 de enero de 2025, de la Junta de Gobierno Local del Ayuntamiento de San Andrés del Rabanedo (León), por el que se aprueban las bases reguladoras del proceso selectivo para la provisión, mediante el sistema de concurso de méritos, de 1 plaza de Arquitecto/a Superior, dentro del proceso de estabilización de empleo temporal aprobado por la Ley 20/2021, de 28 de diciembre.",NEGATIVO_RRHH,False,,,Bases proceso selectivo arquitecto estabilizacion: RRHH
40,dogc,"Resolución TER/302/2025, de 27 de enero, por la que se abre la convocatoria para la concesión de ayudas en forma de bonificación de los intereses de operaciones de préstamo, para la financiación de promociones de viviendas con protección oficial destinadas a alquiler o cesión de uso en régimen general (ref. BDNS 812668)",SUB_CONV,True,SUB_CONV,sector_vivienda,Abre convocatoria ayudas bonificacion intereses VPO alquiler
41,bocm,"Extracto convocatoria subvenciones
– Extracto de la Orden 394/2025, de 23 de febrero, del Consejero de Educación, Ciencia y Universidades, por la que se convocan las ayudas a estudiantes con discapacidad que cursan estudios universitarios o de enseñanzas artísticas superiores para el curso 2024-2025",SUB_CONV,True,SUB_CONV,"sector_educacion, sector_social",Extracto. Ayudas estudiantes con discapacidad
42,boa,"ORDEN FOM/305/2025, de 17 de marzo, por la que se convocan subvenciones a entidades sin ánimo de lucro para la realización, durante el año 2025, de actuaciones culturales desestacionalizadas, en el marco de la Directriz Especial de Ordenación Territorial de Política Demográfica y contra la Despoblación, con cargo al Fondo de Cohesión Territorial.",SUB_CONV,True,SUB_CONV,sector_cultura,Convoca subvenciones actuaciones culturales
43,dog,"ORDEN de 20 de marzo de 2025 por la que se modifica parcialmente la Orden de 13 de agosto de 2024 por la que se establecen las bases reguladoras para el período 2024-2026 y se efectúa la primera convocatoria de subvenciones, en régimen de concurrencia no competitiva, a fin de financiar acciones formativas del Sistema de formación profesional de los grados A, B y C, y competencias clave, destinadas a personas trabajadoras ocupadas, para el ejercicio 2024 (código de procedimiento TR301X).",SUB_CONV,True,"SUB_BASE, SUB_CONV",sector_empleo,Modifica orden de bases y primera convocatoria: hereda ambas. Formacion ocupados
44,boc,"Extracto de la Resolución de 18 de marzo de 2025, de la consejera de Inclusión Social, Juventud, Familias e Igualdad, por la que se convocan subvenciones a entidades locales, en régimen de concurrencia competitiva, destinadas a la realización de proyectos de sensibilización y capacitación entre la población joven de Cantabria.",SUB_CONV,True,SUB_CONV,sector_social,Extracto. Sensibilizacion juventud
45,bon,"RESOLUCIÓN 906E/2024, de 2 de diciembre, del director general de Presidencia, Gobierno Abierto y Relaciones con el Parlamento de Navarra, por la que se aprueba la convocatoria de la subvención ""Subvenciones a entidades ciudadanas que desarrollen proyectos dirigidos a fomentar y promover la participación ciudadana en la Comunidad Foral de Navarra 2025"". Identificación BDNS: 801826.",SUB_CONV,True,SUB_CONV,,Aprueba convocatoria participacion ciudadana sin sector claro
46,dog,EXTRACTO de la Orden de 14 de enero de 2025 por la que se regula el régimen de ayudas a centros privados concertados para la contratación de auxiliares de conversación durante el curso 2024/25 con la finalidad de mejorar la competencia lingüística del alumnado en lenguas extranjeras (código de procedimiento ED504E).,SUB_CONV,True,SUB_CONV,sector_educacion,Extracto BDNS. Ayudas centros concertados auxiliares conversacion
47,boca,"EXTRACTO de la Resolución de 6 de marzo de 2025, por la que se convocan ayudas para la realización de talleres de identificación de proyectos de cooperación universitaria al desarrollo para el año 2025.",SUB_CONV,True,SUB_CONV,sector_educacion,Extracto. Talleres cooperacion universitaria al desarrollo
48,boib,Resolución del consejero de Educación y Universidades por la que se convocan ayudas complementarias para el alumnado de las Illes Balears que participa en programas institucionales de movilidad para cursar parte de los estudios universitarios en cualquier país de la Unión Europea (UE-27) durante el año académico 2024-2025,SUB_CONV,True,SUB_CONV,sector_educacion,Ayudas movilidad universitaria
49,docm,"Extracto de 18/02/2025, de la Universidad de Castilla-La Mancha, de la convocatoria de una beca de colaboración para colaborar en tareas de investigación sobre evaluación de procedimientos para actualizar hermanos digitales de centros de intercambio modal urbano. Departamento de Ingeniería Civil y de la Edificación de la Universidad de Castilla-La Mancha. Año 2025. BDNS (Identif.): 815625.",SUB_CONV,True,SUB_CONV,"sector_educacion, sector_investigacion",Extracto. Beca colaboracion en investigacion
50,borm,"Extracto de la Orden de 30 de diciembre de 2024, de modificación de la Orden de 30 de julio de 2021 de la Consejería de Empresa, Empleo, Universidades y Portavocía por la que se convocan en la Comunidad Autónoma de la Región de Murcia las ayudas correspondientes a programas de incentivos ligados a la movilidad eléctrica (MOVES III) en el marco del Plan de Recuperación, Transformación y Resiliencia.",SUB_CONV,True,SUB_CONV,sector_renovable,Modificacion de convocatoria MOVES III: hereda SUB_CONV
51,docm,"Resolución de 12/02/2025, de la Consejería de Desarrollo Sostenible, por la que se deja sin efecto la Resolución de 27/12/2024, por la que se modifica la Resolución de 09/07/2021, por la que se aprueba la convocatoria del Programa de Incentivos a la Movilidad Eléctrica (Programa Moves III) -financiado por la Unión Europea- NextGenerationEU. Extracto BDNS (Identif.): 574801.",SUB_CONV,True,SUB_CONV,sector_renovable,Deja sin efecto modificacion de convocatoria MOVES III: hereda SUB_CONV
52,dogv,"EXTRACTO de la  Resolución de 28 de enero de 2025, de la Dirección, mediante la que se establece la convocatoria para concesión y solicitud de pago anual de las ayudas incluidas en la solicitud única dentro del marco del Plan estratégico de la política agrícola común (PEPAC) para el año 2025 y de las ayudas a los agricultores en zonas con limitaciones naturales contenidas en la medida 13 del PDRCV 2014-2022.",SUB_CONV,True,SUB_CONV,sector_agricultura,Extracto. Convocatoria solicitud unica PAC
53,boja,"Anuncio de 27 de febrero de 2025, del Ayuntamiento de Martos, de extracto de las bases reguladoras que han de regir la convocatoria y proceso de selección para la provisión de varias plazas de personal laboral fijo y funcionario: 2 plazas de Limpiador/as a tiempo parcial (71/43%) (laboral), 1 plaza de Agente de Igualdad (laboral) y 1 plaza de Ordenanza con reserva turno con discapacidad, (funcionario), en el Ayuntamiento de Martos. (PP. 433/2025).",SUB_CONV,False,,,Extracto de bases de seleccion de plazas: RRHH no subvencion
54,dogv,"EXTRACTO de la Resolución de 27 de febrero de 2025, de beca de formación universitaria para la colaboración en la gestión y coordinación de las actividades deportivas competitivas que se desarrollan en la oficina de campus saludables y deportes de la Universidad Miguel Hernández de Elche.",SUB_CONV,True,SUB_CONV,"sector_educacion, sector_deporte",Extracto. Beca formacion universitaria en oficina deportes
55,bon,"ORDEN FORAL 17E/2025, de 11 de febrero, de la consejera de Memoria y Convivencia, Acción Exterior y Euskera, por la que se aprueban las bases reguladoras y la convocatoria de la subvención ""Ayudas a asociaciones y entidades sin ánimo de lucro para la realización de actividades relacionadas con las víctimas, con la cultura de memoria y convivencia"" para 2025. Identificación BDNS: 814184.",SUB_CONV,True,"SUB_BASE, SUB_CONV",sector_social,Acto completo: aprueba bases y convocatoria. Asociaciones victimas memoria
56,docm,"Resolución de 06/02/2025, de la Viceconsejería de Servicios y Prestaciones Sociales, por la que se publica el crédito presupuestario disponible, durante 2025, para atender las obligaciones de contenido económico derivadas de las subvenciones para financiar proyectos de acción humanitaria y de emergencia. Extracto BDNS (Identif.): 813563.",SUB_CONV,True,SUB_CONV,sector_social,Publica credito disponible de convocatoria: acto sobre convocatoria. Accion humanitaria
57,bon,Extracto de la convocatoria de subvenciones para actuaciones puntuales de sensibilización en 2025,SUB_CONV,True,SUB_CONV,,Extracto convocatoria sensibilizacion sin sector claro
58,bor,Convocatoria de subvenciones en régimen de concurrencia competitiva a entidades sin ánimo de lucro para el fomento y la promoción del deporte y la actividad física 2025 (extracto),SUB_CONV,True,SUB_CONV,sector_deporte,Convocatoria fomento deporte
59,bon,"ORDEN FORAL 33E/2025, de 28 de febrero, de la consejera de Cultura, Deporte y Turismo, por la que se aprueba la convocatoria de la subvención ""Generazinema Desarrollo 2025/2026"". Identificación BDNS: 817901.",SUB_CONV,True,SUB_CONV,sector_cultura,Aprueba convocatoria Generazinema audiovisual
60,borm,"Extracto de la Orden de 17 de febrero de 2025 de la Consejería de Agua, Agricultura, Ganadería y Pesca por la que se aprueba la convocatoria de las ayudas de reestructuración y reconversión de viñedo de la Región de Murcia, para el año 2025.",SUB_CONV,True,SUB_CONV,sector_agricultura,Extracto. Reestructuracion vinedo
61,docm,"Orden 5/2025, de 30 de enero, de la Consejería de Agricultura, Ganadería y Desarrollo Rural, por la que se establecen disposiciones de aplicación de las intervenciones en forma de pagos directos financiadas con cargo al Fondo Europeo Agrícola (Feaga), la solicitud única y los requisitos comunes para el cobro de las ayudas y se convocan para el año 2025. Extracto BDNS (Identif.): 811967.",SUB_CONV,True,SUB_CONV,sector_agricultura,Disposiciones de aplicacion y convocatoria pagos directos PAC. Disposiciones no son bases formales
62,boib,"Notificación del Decreto de Presidencia acordando el reconocimiento de la obligación de pago de las ayudas para el fomento del uso de materiales biodegradables en acolchado agrícola, línea e) de la Convocatoria de ayudas específicas para el desarrollo del ámbito rural y ganadero en la isla de Ibiza para el año 2024-2025",SUB_CONV,True,SUB_CON,sector_agricultura,Reconocimiento obligacion de pago de ayudas: fase concesion-pago
63,bon,"ORDEN FORAL 7E/2025, de 13 de febrero, de la consejera de Cultura, Deporte y Turismo, por la que se aprueba la convocatoria de la subvención a entidades de voluntariado o con programas, en el ámbito deportivo y de la actividad física. Identificación BDNS: 814879.",SUB_CONV,True,SUB_CONV,sector_deporte,Aprueba convocatoria voluntariado deportivo
64,boib,"Resolución de la Consejera de Familias y Asuntos Sociales, a propuesta de la Directora General de Atención a la Dependencia por la que se modifica la Resolución de 18 de julio de 2024 de la Consejera de Familias y Asuntos Sociales por la que se aprueba la convocatoria de ayudas destinadas a personas mayores residentes en las islas de Menorca, Ibiza y Formentera que necesiten hacer desplazamientos a la isla de Mallorca para beneficiarse del Programa de Turismo del Instituto de Gente mayor y Servicios Sociales",SUB_CONV,True,SUB_CONV,sector_social,Modifica resolucion de convocatoria ayudas mayores: hereda SUB_CONV
65,bocyl,"EXTRACTO de la Orden de 24 de marzo de 2025, de la Consejería de Educación, por la que se convocan subvenciones a los centros privados sostenidos con fondos públicos de la Comunidad de Castilla y León para la realización de actividades de intercambios escolares con centros educativos de países extranjeros, para el curso académico 2025/2026.",SUB_CONV,True,SUB_CONV,sector_educacion,Extracto. Intercambios escolares
66,boc,Convocatoria de subvenciones para la adquisición de libros y de material educativo para el curso escolar 2024-2025.,SUB_CONV,True,SUB_CONV,sector_educacion,Convocatoria libros y material educativo
67,docm,"Extracto de 18/02/2025, de la Universidad de Castilla-La Mancha, de la convocatoria de beca de colaboración para apoyar en la organización de los cursos de postgrado del Área de Derecho Constitucional. Facultad de Ciencias Jurídicas y Sociales de Toledo, 2025. BDNS (Identif.): 815629.",SUB_CONV,True,SUB_CONV,sector_educacion,Extracto. Beca colaboracion postgrado
68,bon,Extracto de la convocatoria de ayudas a asociaciones y colectivos para el desarrollo de actividades socioculturales en 2025,SUB_CONV,True,SUB_CONV,sector_cultura,Extracto. Actividades socioculturales
69,dogc,"Anuncio sobre extracto de la convocatoria del proceso selectivo para el acceso, mediante concurso-oposición libre, de un/a profesor/a integrador/a, grupo A, subgrupo A2",SUB_CONV,False,,,Extracto convocatoria proceso selectivo profesor: RRHH
70,boa,"ORDEN EMC/212/2025, de 18 de febrero, por la que se acuerda la distribución definitiva de los créditos presupuestarios previstos en la Orden EMC/1335/2024, de 25 de octubre, por la que se aprueba para el año 2024, la convocatoria de subvenciones para el desarrollo del Plan WAVE Desempleados, destinado a la actualización de las competencias laborales y mejora de la empleabilidad de las personas trabajadoras prioritariamente desempleadas de Aragón, a través de acciones de Formación Profesional para el Empleo, principalmente de carácter tecnológico.",SUB_CONV,True,SUB_CONV,sector_empleo,Distribucion definitiva creditos de convocatoria: acto sobre convocatoria. Plan WAVE desempleados
71,bopa,"Extracto de la Resolución de 3 de marzo de 2025, de la Consejería de Cultura, Política Llingüística y Deporte, por la que se aprueba la convocatoria de subvenciones para la promoción del libro en asturiano y en gallego-asturiano o eonaviego, en régimen de concurrencia competitiva. [Cód. 2025-01797]",SUB_CONV,True,SUB_CONV,sector_cultura,Extracto. Promocion libro asturiano
72,bopa,"Extracto de la Resolución de 12 de marzo de 2025, de la Vicerrectora de Investigación de la Universidad de Oviedo, para la contratación de personal investigador y técnico de apoyo, según artículo 23.bis de la Ley 14/2011, de la Ciencia, la Tecnología y la Innovación (marzo-2025). [Cód. 2025-02021]",SUB_CONV,False,,,Contratacion personal investigador: proceso de empleo aunque publique extracto BDNS. Frontera RRHH
73,dogc,"Resolución de 6 de febrero de 2025, por la que se abre la convocatoria 2025 para la concesión de subvenciones en régimen de concurrencia competitiva para la programación internacional de la creación artística catalana en el ámbito de las artes visuales, el diseño y la arquitectura (ref. BDNS 813471)",SUB_CONV,True,SUB_CONV,sector_cultura,Abre convocatoria programacion internacional artes visuales
74,bopa,"Extracto de la Resolución de 26 de febrero de 2025, de la Consejería de Presidencia, Reto Demográfico, Igualdad y Turismo, por la que se autoriza el gasto y se aprueba la convocatoria pública de ayudas individuales para asturianos y asturianas y descendientes residentes en el exterior para el año 2025. [Cód. 2025-01925]",SUB_CONV,True,SUB_CONV,sector_social,Extracto. Ayudas individuales asturianos en el exterior
75,dogv,"EXTRACTO de la Resolución de 31 de enero de 2025, por la que se convocan para el ejercicio 2025 las subvenciones relativas a la concesión de plazas para estancias en balnearios de la Comunitat Valenciana (Programa de termalismo valenciano).",SUB_CONV,True,SUB_CONV,sector_social,Extracto. Termalismo plazas balnearios
76,doe,"Extracto de la Resolución de 16 de diciembre de 2024, de la Secretaría General, por la que se efectúa convocatoria de ayudas a las inversiones materiales e inmateriales en instalaciones de transformación y en infraestructuras vitivinícolas, así como en estructuras e instrumentos de comercialización, dentro de la Intervención Sectorial Vitivinícola en el marco del Plan Estratégico de la Política Agraria Común, correspondiente al ejercicio 2025.",SUB_CONV,True,SUB_CONV,sector_agricultura,Extracto. Inversiones vitivinicolas
77,bon,"Extracto de convocatoria de ayudas económicas a la participación de grupos, peñas y asociaciones en el desfile de carnaval 2025",SUB_CONV,True,SUB_CONV,sector_cultura,Extracto. Ayudas desfile carnaval
78,dogv,"EXTRACTO de la Resolución de 4 de diciembre de 2024, del Vicerrectorado de Innovación y Transferencia de la Universitat de València, por la que se convocan y publican las bases del concurso universitario para implementar soluciones urbanas sostenibles para las ciudades del futuro «Ford phylantropy Smart mobility challenge», en colaboración con Ford Philantropy.",SUB_CONV,True,SUB_CONV,sector_educacion,Extracto BDNS aunque publique bases. Concurso universitario con premio
79,doe,"Extracto de las ayudas PAC campaña 2025/2026, ""Pago de compensación para zonas con limitaciones naturales significativas"" según Resolución de 27 de enero de 2025, de la Secretaría General.",SUB_CONV,True,SUB_CONV,sector_agricultura,Extracto. PAC zonas con limitaciones naturales
80,docm,"Resolución de 04/02/2025, del Instituto de Promoción Exterior de Castilla-La Mancha, por la que se aprueba la convocatoria de concesión de subvenciones para la participación en la visita Feria Summer Fancy Food Show 2025, al amparo de la Orden 152/2022, de 29 de julio, de la Consejería de Economía, Empresas y Empleo, por la que se establecen las bases reguladoras de las ayudas para la participación agrupada en acciones de internacionalización convocadas por el Instituto de Promoción Exterior de Castilla-La Mancha. Extracto BDNS (Identif.): 813085.",SUB_CON,True,SUB_CONV,sector_industria,Convocatoria de concesion: el acto convoca. Feria internacionalizacion
81,dogc,"Resolución PLG/615/2025, de 23 de febrero, por la que se da publicidad al Acuerdo del Consejo de Administración de la Oficina de Apoyo a la Iniciativa Cultural por el que se aprueban las bases específicas que deben regir la concesión de subvenciones para promover el conocimiento y el uso del occitano, aranés en Arán, en Cataluña para el año 2025",SUB_CON,True,SUB_BASE,sector_cultura,Aprueba bases especificas de concesion occitano. No convoca
82,bopa,"Resolución de 19 de febrero de 2025, de la Consejería de Presidencia, Reto Demográfico, Igualdad y Turismo, por la que se somete a trámite de información pública la Propuesta de Resolución por la que se aprueban las bases reguladoras para la concesión de subvenciones para la conciliación de la vida laboral, personal y familiar en el Principado de Asturias. [Cód. 2025-01406]",SUB_CON,True,SUB_BASE,sector_social,Informacion publica de propuesta de bases: fase previa de bases. Conciliacion
83,dogc,Edicto sobre convocatoria para la concesión de subvenciones en régimen de concurrencia competitiva destinadas a niños y jóvenes inscritos en un programa deportivo durante el año 2025,SUB_CON,True,SUB_CONV,sector_deporte,Convocatoria concesion subvenciones programa deportivo
84,dogv,"RESOLUCIÓN de 30 de enero de 2025, de la Dirección General de Cultura, de ampliación para los municipios de Barxeta y Xeraco de los plazos de ejecución y de justificación establecidos por la Resolución de 14 de octubre de 2024, del director general de Cultura, por la que se convoca la concesión de subvenciones destinadas a financiar la reforma y modernización de instalaciones y equipamiento de espacios escénicos existentes en 2024.",SUB_CON,True,SUB_CONV,sector_cultura,Ampliacion plazos de convocatoria: acto sobre convocatoria. Espacios escenicos
85,dog,"RESOLUCIÓN de 5 de febrero de 2025, del Departamento Territorial de Ourense, por la que se conceden las autorizaciones administrativas previa y de construcción y se declara, en concreto, de utilidad pública, a los efectos de la urgente ocupación, una instalación eléctrica en el ayuntamiento de Allariz (expediente IN407A 2024/119-3).",SUB_CON,False,,,Autorizacion administrativa instalacion electrica y DUP: dominio B0 no subvencion
86,doe,"Resolución de 23 de diciembre de 2024, de la Dirección General de Desarrollo Rural, de concesión directa de una subvención a la Cámara Oficial de Comercio, Industria y Servicios de Badajoz para el desarrollo del programa ""Relevo empresarial en espacios con especiales dificultades demográficas en la provincia de Badajoz"", en las anualidades 2025 y 2026, con cargo al Fondo de Cohesión y Transformación Territorial (FCT).",SUB_CON,True,SUB_CON,sector_industria,Concesion directa a Camara de Comercio
87,dogc,"Orden PRE/5/2025, de 23 de enero, de modificación de la Orden PRE/16/2024, de 29 de enero, por la que se aprueban las bases reguladoras del procedimiento de concesión de subvenciones para actuaciones destinadas a fomentar la digitalización de las administraciones locales con competencias en la gestión del ciclo urbano del agua, en municipios de entre 5.000 y 20.000 habitantes, en el marco del Plan de recuperación, transformación y resiliencia, financiado por los fondos europeos Next Generation",SUB_CON,True,SUB_BASE,,Modificacion de orden de bases: hereda SUB_BASE. Digitalizacion ciclo agua sin sector
88,borm,"Decreto n.º 15/2025, de 6 de marzo, por el que se establecen las normas especiales reguladoras de la concesión directa de subvención a la Federación de Autismo de la Región de Murcia (FAUM), destinada a financiar actuaciones complementarias de apoyo al alumnado con trastorno del espectro autista (TEA) para 2025.",SUB_CON,True,SUB_CON,"sector_social, sector_educacion",Decreto concesion directa FAUM autismo alumnado TEA
89,boc,Concesión de subvenciones en régimen de concurrencia competitiva a favor de asociaciones de personas mayores. Expediente 2024/9085T.,SUB_CON,True,SUB_CON,sector_social,Concesion subvenciones asociaciones mayores
90,dog,"RESOLUCIÓN de 31 de octubre  de 2024 por la que se establecen las bases reguladoras y se anuncia la convocatoria, mediante tramitación anticipada de gasto, del procedimiento de concesión de subvenciones para proyectos de mejora energética, dirigido a autónomos y pymes del sector servicios (programa Bono energía pyme), anualidad 2025 (código de procedimiento IN417Z).",SUB_CON,True,"SUB_BASE, SUB_CONV","sector_renovable, sector_industria",Acto completo: bases y convocatoria. Bono energia pyme
91,dogc,"Resolución CLT/636/2025, de 27 de febrero, por la que se da publicidad al Acuerdo del Consejo de Administración del Instituto Catalán de las Empresas Culturales, de cuarta modificación de las bases específicas que regirán la concesión de subvenciones para compensar el déficit de explotación por la exhibición de montajes teatrales de carácter profesional",SUB_CON,True,SUB_BASE,sector_cultura,Modificacion bases especificas: hereda SUB_BASE. Teatro
92,doe,"Extracto de las ayudas PAC campaña 2025/2026, de la solicitud de concesión de ayuda y pago en su primer año de compromisos de la intervención ""Compromisos agroambientales en superficies agrarias. Apicultura para la biodiversidad"", según Resolución de 27 de enero de 2025, de la Secretaría General.",SUB_CON,True,SUB_CONV,sector_agricultura,Extracto. Solicitud concesion y pago agroambientales apicultura
93,dogc,"Resolución CLT/266/2025, de 29 de enero, por la que se da publicidad al Acuerdo del Consejo de Administración del Instituto Catalán de las Empresas Culturales por el que se aprueba la modificación de las bases específicas que deben regir la concesión de subvenciones a proyectos de pódcast en catalán u occitano de ficción narrativa o de temática cultural",SUB_CON,True,SUB_BASE,sector_cultura,Modificacion bases especificas podcast
94,boja,"Orden de 24 de febrero de 2025, por la que se aprueban las bases reguladoras para la concesión de subvenciones, en régimen de concurrencia no competitiva, para apoyar los costes de gestión, seguimiento y evaluación de las estrategias de desarrollo local y su animación de los Grupos de Desarrollo Rural de Andalucía, en el marco de la Intervención 7119.4 LEADER del Plan Estratégico de la Política Agrícola Común 2023-2027 de España.",SUB_CON,True,SUB_BASE,sector_agricultura,Aprueba bases LEADER GDR. No convoca
95,bopa,"Resolución de 13 de enero de 2025, de la Consejería de Medio Rural y Política Agraria, por la que se conceden ayudas acogidas al régimen de mínimis y destinadas a explotaciones apícolas. [Cód. 2025-00351]",SUB_CON,True,SUB_CON,sector_agricultura,Conceden ayudas minimis apicolas
96,docm,"Resolución de 18/12/2024, de la Dirección General de Autónomos, Trabajo y Economía Social, por la que se aprueba la convocatoria pública de concesión de subvenciones con cargo al Fondo de Ayuda Sindical, para el ejercicio 2025. Extracto BDNS (Identif.): 804295.",SUB_CON,True,SUB_CONV,sector_empleo,Aprueba convocatoria de concesion Fondo Ayuda Sindical: el acto convoca
97,boib,"Resolución de concesión de subvenciones destinadas a personas físicas, agrupaciones de personas físicas, explotaciones agrarias, comunidades de bienes, comunidades y asociaciones de regantes, entidades sin ánimo de lucro, para la recuperación de elementos etnológicos y arquitectónicos con valor patrimonial y para la recuperación del paisaje agrícola y su entorno que estén situados dentro del ámbito territorial de la Sierra de TramUntana (SV 1/2024 - Ampliación)",SUB_CON,True,SUB_CON,"sector_cultura, sector_agricultura",Resolucion de concesion patrimonio etnologico y paisaje agricola
98,dogc,"Resolución de 28 de febrero de 2025, por la que se abre la 1.ª convocatoria del año 2025 para la concesión de subvenciones en régimen de concurrencia no competitiva a la movilidad del profesorado de estudios catalanes en universidades del exterior (ref. BDNS 817641)",SUB_CON,True,SUB_CONV,sector_educacion,Abre convocatoria movilidad profesorado universitario
99,dogc,"Resolución CLT/147/2025, de 21 de enero, por la que se da publicidad al Acuerdo del Consejo de Administración de la Oficina de Apoyo a la Iniciativa Cultural por el que se aprueban las bases específicas que deben regir la concesión de subvenciones para la organización de eventos de contenido cultural digital en Cataluña",SUB_CON,True,SUB_BASE,sector_cultura,Aprueba bases especificas eventos cultura digital
100,bon,Extracto de convocatoria que regula la solicitud y concesión de subvenciones por la realización de actividades extraescolares en y con euskera curso 2024-2025,SUB_CON,True,SUB_CONV,"sector_educacion, sector_cultura",Extracto convocatoria extraescolares en euskera
101,bopa,"Corrección de error habido en la publicación de “Resolución de 30 de diciembre de 2024, de la Agencia de Ciencia, Competitividad Empresarial e Innovación Asturiana, por la que se resuelve la convocatoria para la concesión de subvenciones dirigidas a la ejecución de Proyectos de I+D en el Principado de Asturias para el ejercicio 2024 (programa RIS3-Empresa).” (Boletín Oficial del Principado de Asturias número 7, de 13 de enero de 2025). [Cód. 2025-00267]",SUB_CON,True,SUB_CON,sector_investigacion,Correccion de error de resolucion de concesion: hereda SUB_CON. I+D
102,borm,"Decreto n.º 13/2025 de 6 de marzo, por el que se establecen las normas especiales reguladoras de la concesión directa de una subvención a los ayuntamientos de la Región de Murcia para la realización de actuaciones destinadas a la reducción del absentismo escolar y a la inclusión del alumnado en situación de vulnerabilidad socioeducativa en la Comunidad Autónoma de la Región de Murcia cofinanciadas por el FSE+.",SUB_CON,True,SUB_CON,"sector_educacion, sector_social",Decreto concesion directa absentismo escolar
103,boib,"Propuesta de resolución provisional del director general de Economía Circular, Transición Energética y Cambio Climático por la que se conceden las subvenciones en el marco de la convocatoria pública de subvenciones para actuaciones de soporte a la movilidad eléctrica (Programa MOVES III) en el marco del Plan de Recuperación, Transformación y Resiliencia Europeo financiado por la Unión Europea-NextGenerationEU",SUB_CON,True,SUB_CON,sector_renovable,Propuesta resolucion provisional de concesion MOVES III
104,boa,"CORRECCIÓN de errores del Extracto de la Orden EMC/1701/2024, de 5 de diciembre, por la que se convocan para el año 2025, las subvenciones reguladas en la Orden EEI/340/2024, de 5 de abril, por la que se establecen las bases reguladoras para la concesión de subvenciones del Programa para el fomento y consolidación del empleo autónomo.",SUB_CON,True,SUB_CONV,sector_empleo,Correccion de errores de extracto de convocatoria: hereda SUB_CONV. Empleo autonomo
105,doe,"Resolución de 27 de enero de 2025, de la Secretaría General, por la que se da publicidad al Convenio entre la Consejería de Economía, Empleo y Transformación Digital, a través del Servicio Extremeño Público de Empleo, y la Autoescuela Eulogio López, SL, para la adhesión al programa de ayudas regulado en el Decreto 113/2024, de 10 de septiembre, por el que se establecen las bases reguladoras para la concesión de subvenciones del programa ""Bono formación del sector del transporte"", destinado a la mejora de la empleabilidad de personas desempleadas y ocupadas en el sector del transporte de mercancías y de viajeros y se aprueba la primera convocatoria.",SUB_CON,False,,,Convenio adhesion entidad colaboradora sin acto de concesion
106,boa,"EXTRACTO de la Orden EMC/192/2025, de 10 de febrero, por la que se convocan para el año 2025 las subvenciones reguladas en la Orden EEI/709/2024, de 21 de junio, por la que se aprueban las bases reguladoras del Programa MEJORA para la concesión de subvenciones destinadas a la mejora de la empleabilidad de los jóvenes y para el relevo generacional en el mercado laboral aragonés.",SUB_CON,True,SUB_CONV,sector_empleo,Extracto. Programa MEJORA empleabilidad jovenes
107,bopv,"RESOLUCIÓN de 18 de febrero de 2025, de la Directora de Emakunde-Instituto Vasco de la Mujer, por la que se regulan las bases y se convoca la concesión de subvenciones, para el año 2025, a empresas, entidades privadas, cooperativas y entidades sin ánimo de lucro para la contratación de una consultora homologada tanto para la realización de un Diagnóstico sobre la igualdad de mujeres y hombres y un Plan para la igualdad, así como para la implantación de medidas contenidas en los planes para la igualdad, todo ello bajo el régimen de ayudas de minimis.
				
2025/00913",SUB_CON,True,"SUB_BASE, SUB_CONV",sector_social,Acto completo: regula bases y convoca. Planes igualdad empresas
108,doe,"Acuerdo de 21 de enero de 2025, del Consejero Delegado, por el que se realiza la convocatoria para la concesión de subvenciones por Extremadura Avante Servicios Avanzados a Pymes, SLU, para la participación en la formación práctica del programa de formación avanzada para técnicos de comercio exterior (Formacoex Plus), para las líneas ""Formacoex Plus Extremadura"" y ""Formacoex Plus Exterior"" para el ejercicio 2025.",SUB_CON,True,SUB_CONV,"sector_industria, sector_empleo",Convocatoria concesion Formacoex comercio exterior
109,boib,"Extracto de la Resolución de 4 de marzo de 2025 del presidente de la Agencia de Desarrollo Regional de las Illes Balears de las Islas Baleares por la que se aprueba la convocatoria para la concesión de ayudas de cheques de consultoría para la competitividad industrial de las Illes Balears en materia de digitalización, internacionalización, sostenibilidad y gestión avanzada",SUB_CON,True,SUB_CONV,sector_industria,Extracto. Cheques consultoria industrial
110,dog,"RESOLUCIÓN de 12 de diciembre de 2024 por la que se da publicidad del acuerdo del Consejo de Dirección que aprueba las bases reguladoras de las ayudas a proyectos de inversión empresarial para el año 2025, cofinanciadas por la Unión Europea en el marco del programa Galicia Feder 2021-2027, y se procede a su convocatoria en régimen de concurrencia no competitiva (código de procedimiento IG408A).",SUB_BASE,True,"SUB_BASE, SUB_CONV",sector_industria,Acto completo: aprueba bases y convoca. Inversion empresarial
111,docm,"Resolución de 20/01/2025, del Instituto de Promoción Exterior de Castilla-La Mancha, por la que se aprueba la convocatoria de concesión de subvenciones para la participación en la Feria IWA Outdoor Classics Nüremberg 2025, al amparo de la Orden 152/2022, de 29 de julio, de la Consejería de Economía, Empresas y Empleo, por la que se establecen las bases reguladoras de las ayudas para la participación agrupada en acciones de internacionalización convocadas por el Instituto de Promoción Exterior de Castilla-La Mancha. Extracto BDNS (Identif.): 810404.",SUB_BASE,True,SUB_CONV,sector_industria,Convocatoria de concesion: el acto convoca. Bases en orden previa. Feria IWA
112,dog,"RESOLUCIÓN de 9 de enero de 2025, de la Secretaría General de la Emigración, por la que se publican las subvenciones concedidas al amparo de la Resolución de 29 de diciembre de 2023 por la que se aprueban las bases reguladoras para la concesión, en régimen de concurrencia no competitiva, de subvenciones para promover el autoempleo y la actividad emprendedora en la Comunidad Autónoma gallega de las personas emigrantes gallegas retornadas, y se procede a su convocatoria para el año 2024 (código de procedimiento PR937A).",SUB_BASE,True,SUB_CON,sector_empleo,Publica subvenciones concedidas: fase concesion. Autoempleo retornados
113,boib,"Bases reguladoras y convocatoria para la concesión, en el municipio de Calvià y para el año 2025, de subvenciones para la mejora estética y actuaciones dirigidas a la innovación y a la digitalización de establecimientos físicos en el término municipal de Calvià",SUB_BASE,True,"SUB_BASE, SUB_CONV",sector_industria,Acto completo: bases y convocatoria. Digitalizacion establecimientos
114,dogc,"Anuncio sobre aprobación de las bases reguladoras de subvenciones destinadas a financiar inversiones, proyectos y/o actividades de las entidades inscritas en el Registro Municipal de Asociaciones de Montbrió del Camp",SUB_BASE,True,SUB_BASE,,Aprueba bases subvenciones asociaciones municipales sin sector claro
115,boca,"EXTRACTO de la Orden de 21 de febrero de 2025, por la que se modifican las Órdenes de 2 de diciembre de 2022 y de 7 de junio de 2024, relativas a las bases reguladoras y la convocatoria de subvenciones para financiar proyectos de eficiencia energética y economía circular de establecimientos que realicen la actividad de alojamiento turístico ubicados en el ámbito territorial de la Comunidad Autónoma de Canarias, correspondiente al Componente 14, Inversión 4, Submedida 2, dentro del Plan de Recuperación, Transformación y Resiliencia, financiado por la Unión Europea «Next Generation EU».",SUB_BASE,True,SUB_CONV,"sector_renovable, sector_industria",Extracto de modificacion de bases y convocatoria: criterio extracto=CONV. Eficiencia energetica turismo
116,boib,Bases reguladoras de la convocatoria y realización de las pruebas de aptitud para la obtención del permiso local de conductor 2025,SUB_BASE,False,,,Bases de pruebas de aptitud permiso conductor: no es ayuda
117,boib,Tercera convocatoria concurso Lab Oliver y aprobación de las bases reguladoras,SUB_BASE,True,"SUB_BASE, SUB_CONV",,Convocatoria y aprobacion bases concurso Lab Oliver. Verificar si premio con dotacion
118,dogv,"RESOLUCIÓN parcial primera de concesión, de 18 de diciembre de 2024, de la Dirección General de Vivienda, de la convocatoria para la concesión de subvenciones reguladas mediante la Resolución de 28 de octubre de 2024, de la Vicepresidencia y Conselleria de Servicios Sociales, Igualdad y Vivienda, por la que se aprueban las bases reguladoras de las subvenciones para la realización del informe de evaluación de edificios de viviendas (IEEV.CV) y se convocan las subvenciones para el ejercicio 2024.",SUB_BASE,True,SUB_CON,sector_vivienda,Resolucion parcial de concesion IEEV
119,dog,EXTRACTO de la Orden de 4 de diciembre de 2024 por la que se establecen las bases reguladoras de las ayudas para paliar los daños ocasionados por el oso pardo y se convocan para el año 2025 (código de procedimiento MT815A).,SUB_BASE,True,SUB_CONV,sector_agricultura,Extracto BDNS aunque apruebe bases. Danos oso pardo
120,boja,"Resolución de 25 de febrero de 2025, de la Universidad Pablo de Olavide, por la que se establecen las bases reguladoras para la contratación laboral prevista en la Ley 14/2011, de 1 de junio, de la Ciencia, la Tecnología y la Innovación, y se convoca a concurso público un contrato de actividades científico-técnicas.",SUB_BASE,False,,,Bases y concurso para contratacion laboral Ley Ciencia: empleo no subvencion. Frontera RRHH
121,bon,RESOLUCIÓN 1065/2024 de 31 de diciembre del director general de Agricultura y Ganadería que aprueba las bases reguladoras y la convocatoria de subvenciones a la suscripción de los seguros agrarios incluidos en el Plan de Seguros Agrarios Combinados de 2025 (46.º Plan). Identificación BDNS: 809575.,SUB_BASE,True,"SUB_BASE, SUB_CONV",sector_agricultura,Acto completo: aprueba bases y convocatoria. Seguros agrarios
122,bopa,"Resolución de 13 de febrero de 2025, de la Consejería de Medio Rural y Política Agraria, de modificación de las bases reguladoras del procedimiento de concesión de las subvenciones de la Intervención Sectorial Apícola en el marco del Plan Estratégico Nacional de la Política Agrícola Común (PEPAC). [Cód. 2025-01291]",SUB_BASE,True,SUB_BASE,sector_agricultura,Modificacion de bases: hereda SUB_BASE. Apicola PEPAC
123,doe,"Resolución de 7 de diciembre de 2024, de la Secretaría General de Empleo, de concesión de ayudas solicitadas al amparo del Decreto 168/2022, de 30 de diciembre, por el que se establecen las bases reguladoras de las subvenciones para el fomento, consolidación y modernización del empleo autónomo en el ámbito de la Comunidad Autónoma de Extremadura y se aprueba la primera convocatoria de las ayudas de los Programas I, II, III y IV. (DOE de 14 de febrero de 2023. Núm. 31), modificado por el Decreto-ley 4/2023, de 12 de septiembre, por el que se aprueban medidas urgentes para reducir la carga tributaria soportada por los contribuyentes, se amplían las ayudas al acogimiento familiar, se incrementan las ayudas a los nuevos autónomos y se conceden ayudas directas a los productores de cerezas. (DOE núm. 178, de 15 de septiembre de 2023).",SUB_BASE,True,SUB_CON,sector_empleo,Resolucion de concesion al amparo de bases previas. Empleo autonomo
124,boe,"Orden CNU/161/2025, de 7 de febrero, por la que se aprueban las bases reguladoras para la concesión de ayudas públicas por el Centro para el Desarrollo Tecnológico y la Innovación, E.P.E., en el marco del Plan Estatal de Investigación Científica y Técnica y de Innovación 2024-2027.",SUB_BASE,True,SUB_BASE,sector_investigacion,Aprueba bases CDTI Plan Estatal I+D+i. No convoca
125,boc,"Orden IND/9/2025, de 5 de marzo, por la que se modifica la Orden EPS/3/2021, de 18 de marzo, por la que se establecen las bases reguladoras para la concesión de subvenciones destinadas a la inserción sociolaboral en empresas de inserción.",SUB_BASE,True,SUB_BASE,"sector_social, sector_empleo",Modifica bases insercion sociolaboral
126,doe,"Resolución de 27 de septiembre de 2024, de la Secretaría General de Empleo, de concesión de ayudas solicitadas al amparo del Decreto 168/2022, de 30 de diciembre, por el que se establecen las bases reguladoras de las subvenciones para el fomento, consolidación y modernización del empleo autónomo en el ámbito de la Comunidad Autónoma de Extremadura y se aprueba la primera convocatoria de las ayudas de los Programas I, II, III y IV. (DOE de 14 de febrero de 2023. Núm. 31).",SUB_BASE,True,SUB_CON,sector_empleo,Resolucion de concesion al amparo de bases previas. Empleo autonomo
127,dog,"RESOLUCIÓN de 13 de enero de 2025 por la que se hacen públicas las subvenciones concedidas al amparo de la Resolución de 29 de diciembre de 2023 por la que se aprueban las bases reguladoras para la concesión de subvenciones, en régimen de concurrencia competitiva, para la ejecución de obras con el fin de minimizar las pérdidas de agua en entidades locales de la Comunidad Autónoma de Galicia, y se convocan para el año 2024, mediante tramitación anticipada de gasto (código de procedimiento AU301E).",SUB_BASE,True,SUB_CON,,Hace publicas subvenciones concedidas. Obras agua sin sector en taxonomia
128,dogc,Anuncio sobre publicación de las bases reguladoras y la convocatoria del proceso de selección por promoción interna de una plaza determinada incluida en la oferta pública de empleo del año 2025,SUB_BASE,False,,,Bases y convocatoria proceso seleccion promocion interna: RRHH
129,dogv,"ORDEN 3/2025, de 10 de febrero, de la Conselleria de Educación, Cultura, Universidades y Empleo, por la que se derogan sesenta y cuatro órdenes de bases reguladoras de subvenciones de este departamento.",SUB_BASE,True,SUB_BASE,,Derogacion masiva de ordenes de bases: acto sobre bases
130,dogc,Anuncio relativo a las bases reguladoras del procedimiento de promoción de cuatro plazas vacantes de cabo de la Policía Local,SUB_BASE,False,,,Bases promocion plazas Policia Local: RRHH
131,dog,"RESOLUCIÓN de 9 de enero de 2025, de la Dirección General de Cultura, por la que se regulan las condiciones para la participación en la plataforma de novedades editoriales a que hace referencia la Orden de 16 de diciembre  de 2024 por la que se establecen las bases reguladoras de las ayudas a entidades locales de Galicia titulares de bibliotecas públicas y/o agencias de lectura, integradas en la Red de bibliotecas públicas de Galicia (código de procedimiento CT235A).",SUB_BASE,True,SUB_BASE,sector_cultura,Regula condiciones complementarias de bases de ayudas bibliotecas
132,dog,"EXTRACTO de la Resolución de 7 de febrero de 2025 por la que se establecen las bases reguladoras para la concesión, en régimen de concurrencia no competitiva, de las subvenciones a ayuntamientos de hasta 10.000 habitantes para actuaciones de mejora de las infraestructuras turísticas, y se anuncia su convocatoria para el año 2025 (código de procedimiento TU503D).",SUB_BASE,True,SUB_CONV,sector_industria,Extracto BDNS aunque apruebe bases. Infraestructuras turisticas. Turismo anotado como industria
133,doe,"Anuncio de 4 de febrero de 2025 por el que se da publicidad de las Comunidades de Regantes beneficiarias de las ayudas acogidas a la Orden de 29 de mayo de 2020 por la que se establecen las bases reguladoras de ayudas para la mejora de la eficiencia energética en las Comunidades de Regantes de Extremadura, para el año 2022.",SUB_BASE,True,SUB_CON,"sector_agricultura, sector_renovable",Publicidad beneficiarios: fase concesion. Regantes eficiencia energetica
134,dog,"EXTRACTO de la Resolución de 11 de febrero de 2025 por la que se aprueban las bases reguladoras para la concesión de subvenciones a las entidades locales, en régimen de concurrencia no competitiva, destinadas a la realización de auditorías de las redes de saneamiento para la detección de infiltraciones, y se convocan para el año 2025 (código de procedimiento AU301D).",SUB_BASE,True,SUB_CONV,,Extracto BDNS aunque apruebe bases. Auditorias saneamiento sin sector
135,boe,"Anuncio de licitación de: Dirección Provincial del Ministerio de Educación y Formación Profesional en Melilla. Objeto: Limpieza de 6 Centros Educativos dependientes del Ministerio de Educación, Formación Profesional y Deportes en la Ciudad de Melilla. Expediente: 2024/003.",NEGATIVO,False,,,Licitacion contrato limpieza: contratacion publica
136,dogc,"Edicto sobre publicación en el BOPB de la convocatoria y las bases que deberán regir el proceso de selección para la creación de una bolsa de trabajo de auxiliares administrativos mediante el procedimiento de concurso-oposición, grupo C2 (código 2025/4, exp. 2025/94)",NEGATIVO,False,,,Bolsa de trabajo: RRHH
137,boib,Nombramiento de personal funcionario de carrera,NEGATIVO,False,,,Nombramiento funcionario: RRHH
138,docm,"Resolución de 16/01/2025, de la Gerencia de Atención Integrada de Guadalajara, por la que se aprueba la convocatoria para la provisión de la Jefatura de Servicio de Hematología y Hemoterapia.",NEGATIVO,False,,,Provision jefatura de servicio: RRHH
139,boe,"Orden ECM/1524/2024, de 26 de diciembre, de autorización administrativa a MGC Insurance, Mutua de Seguros y Reaseguros a Prima Fija, para ampliar la actividad aseguradora al ramo de otros daños a los bienes.",NEGATIVO,False,,,Autorizacion administrativa aseguradora
140,bocm,"Formalización contrato
– Resolución de 25 de febrero de 2025, del Consejero Delegado de la Agencia de Contratación Sanitaria de la Comunidad de Madrid, por la que se hace pública la formalización del contrato «Suministro de sondas vesicales, sondas rectales, equipos de control fecal, sistemas de irrigación anal, sistemas de irrigación para enemas, bolsas colectoras de orina, urinómetros, rácord, tapón, sistemas de irrigación doble “y” sin cámara, sistemas de irrigación doble “y” con cámara, sistema de irrigación simple, apósitos sujeción de sondas, perchas y colectores masculinos de orina, para todos los Centros dependientes del SERMAS, a adjudicar por procedimiento abierto mediante pluralidad de criterios (122 lotes)»",NEGATIVO,False,,,Formalizacion de contrato: contratacion publica
141,bocyl,"INFORMACIÓN pública relativa a la solicitud de autorización de uso excepcional de suelo rústico y licencia de obra, promovida por «Asteo Red Neutra, S.L.», para la interconexión de fibra óptica entre Villaespasa y Cascajares de la Sierra, en el término municipal de Hortigüela (Burgos). Expte.: 25/2025.",NEGATIVO,False,,,Uso excepcional suelo rustico: dominio B2
142,bon,SUBASTA de bien inmueble en Sesma.,NEGATIVO,False,,,Subasta de inmueble
143,dogv,"RESOLUCIÓN de 31 de enero de 2025, de la Dirección General de Urbanismo, Paisaje y Evaluación Ambiental, por la que  se formula informe de impacto ambiental del Proyecto de sondeo para captación de aguas subterráneas, parcela 227, del polígono 31, partida Alto del Roig, del término municipal de Chiva (València). Expediente: (3618895) 237/2024/AIA.",NEGATIVO,False,,,Informe impacto ambiental sondeo: dominio B0/B1
144,boc,"Aprobación inicial y exposición pública del presupuesto general de 2025, plantilla de personal, bases de ejecución y resto de Anexos de necesaria incorporación.",NEGATIVO,False,,,Presupuesto general y plantilla
145,bon,Recaudación ejecutiva Acto que se notifica: Providencia de apremioReferencia: A010000/00044/2024,NEGATIVO,False,,,Recaudacion ejecutiva apremio
146,dogc,Anuncio sobre aceptación de revocación y delegación de competencias,NEGATIVO,False,,,Revocacion de delegacion de competencias: no es revocacion de ayuda
147,bor,"Aprobación definitiva de la modificación de la ordenanza fiscal número 7 reguladora del impuesto de instalaciones, construcciones y obras",NEGATIVO,False,,,Ordenanza fiscal ICIO
148,dogc,Edicto sobre aprobación inicial del Proyecto de obras de mejora del suministro de agua potable en la zona hotelera de Calella,NEGATIVO,False,,,Proyecto de obras agua potable: dominio B1
149,dogv,"RESOLUCIÓN de 14 de marzo de 2025, de la Dirección General de Personal, por la que se publica la resolución definitiva con indicación de los destinos adjudicados del concurso de traslados para la provisión de plazas básicas vacantes de trabajador o trabajadora social de instituciones sanitarias dependientes de la Conselleria de Sanidad.",NEGATIVO,False,,,Concurso de traslados: RRHH
