id,bulletin,description,grupo_muestreo,is_relevant_gt,categories_gt,subcategories_gt,notas_anotador,is_relevant_pred,act_type_pred,categories_pred,subcategories_pred,confidence,reasoning,duration_s,error
0,boe,Anuncio de formalización de contratos de: Jefatura de la Sección Económico Administrativa 22 - Base Aérea de Torrejón (Agrupación de Base). Objeto: Concesión de servicios Cafetería ALA 12. Expediente: 2024/EA22/00001943E.,CONT_CON,True,"CONT_FOR, CONT_CON",tipo_servicios,Formalizacion de concesion de servicios cafeteria,True,anuncio,"[""CONT_FOR"", ""CONT_CON""]","[""tipo_servicios""]",0.95,"Se menciona explícitamente ""Anuncio de formalización de contratos"" (dispara CONT_FOR) y el objeto es una ""Concesión de servicios Cafetería ALA 12"", lo que dispara CONT_CON.",96.569,
1,bocyl,"RESOLUCIÓN de 7 de enero de 2025, de la Dirección General de Transportes y Logística, por la que se hace pública la transmisión de la titularidad del contrato de concesión de servicio público de transporte regular y de uso general de viajeros por carretera, entre Castronuño y Toro (VACL-152), prestados por la empresa «Antonio Expósito Lucas» a favor de la empresa «Castaño e Hijos, S.L.».",CONT_CON,True,CONT_CON,tipo_servicios,Transmision de titularidad de contrato de concesion de transporte,True,resolución,"[""CONT_CON""]","[""tipo_servicios""]",0.98,"El acto trata sobre la ""transmisión de la titularidad del contrato de concesión de servicio público"", lo que activa CONT_CON.",37.401,
2,bor,Exposición pública del estudio de viabilidad económico-financiera para la concesión de servicio de gestión de las piscinas municipales,CONT_CON,True,CONT_CON,tipo_servicios,Estudio de viabilidad previo a concesion de servicio piscinas,True,información_pública,"[""CONT_CON""]","[""tipo_servicios""]",0.95,"El texto se refiere a la ""Exposición pública del estudio de viabilidad económico-financiera para la concesión de servicio..."", lo que indica una fase preparatoria o informativa sobre una concesión (CONT_CON).",41.049,
3,boe,Anuncio de licitación de: Jefatura de Asuntos Económicos de la Fuerza Terrestre. Objeto: Concesión de servicio del Bar-Cafetería para el Establecimiento Plaza España. Expediente: 2025/ETSAE0206/00000005E.,CONT_CON,True,"CONT_LIC, CONT_CON",tipo_servicios,Licitacion de concesion de servicio bar-cafeteria,True,anuncio,"[""CONT_LIC"", ""CONT_CON""]","[""tipo_servicios""]",0.98,"Se identifica la fase de licitación (""Anuncio de licitación"") y el objeto como una ""Concesión de servicio"", lo que dispara CONT_CON según las reglas críticas.",40.934,
4,borm,Información pública para la aprobación inicial del anteproyecto de construcción y explotación del contrato de concesión del servicio publico de abastecimiento de agua potable y saneamiento del municipio de Alcantarilla.,CONT_CON,True,CONT_CON,"tipo_obras, tipo_servicios",Anteproyecto de construccion y explotacion de concesion de agua,True,información_pública,"[""CONT_CON""]","[""tipo_servicios""]",0.95,"El texto menciona la ""aprobación inicial del anteproyecto de construcción y explotación del contrato de concesión del servicio publico de abastecimiento de agua potable y saneamiento"". Esto indica una fase preparatoria de una concesión (CONT_CON).",46.615,
5,boe,Anuncio de formalización de contratos de: Dirección del Instituto de Astrofísica de Canarias. Objeto: Contrato de concesión del servicio de explotación de la cafetería-comedor de la Sede Central del Instituto de Astrofísica de Canarias. Expediente: LIC-24-018.,CONT_CON,True,"CONT_FOR, CONT_CON",tipo_servicios,Formalizacion de concesion de servicio cafeteria-comedor,True,anuncio,"[""CONT_FOR"", ""CONT_CON""]","[""tipo_servicios""]",0.95,"Se menciona explícitamente ""Anuncio de formalización de contratos"" (dispara CONT_FOR) y el objeto es un ""Contrato de concesión del servicio"", lo que dispara CONT_CON.",42.692,
6,boe,"Anuncio de licitación de: Presidencia de la Agencia Estatal Consejo Superior de Investigaciones Científicas, M.P. Objeto: Concesión del servicio de cafetería-comedor destinado al Centro Nacional de Biotecnología de la Agencia Estatal Consejo Superior de Investigaciones Científicas. Expediente: CAF1/25.",CONT_CON,True,"CONT_LIC, CONT_CON",tipo_servicios,Licitacion de concesion de servicio cafeteria,True,anuncio,"[""CONT_LIC"", ""CONT_CON""]","[""tipo_servicios""]",0.98,"Se identifica la fase de licitación (""Anuncio de licitación"") y el objeto es una ""Concesión del servicio"", lo que dispara CONT_CON según las reglas críticas.",40.594,
7,borm,Información pública para la aprobación inicial de la estructura de costes del contrato de concesión del servicio público de abastecimiento de agua potable y saneamiento del municipio de Alcantarilla.,CONT_CON,True,CONT_CON,tipo_servicios,Estructura de costes de concesion de servicio de agua,True,información_pública,"[""CONT_CON""]","[""tipo_servicios""]",0.95,"El objeto es el ""servicio público de abastecimiento de agua potable y saneamiento"", lo que implica una concesión de servicios públicos.",42.257,
8,docm,"Resolución de 25/02/2025, de la Secretaría General, por la que se dispone la publicación del convenio de colaboración entre la Consejería de Fomento de la comunidad autónoma de Castilla-La Mancha y el Ayuntamiento de Olías del Rey para la implantación del transporte público regular de viajeros en autobús según contrato de concesión del servicio público de transporte regular de viajeros de uso general por carretera en determinadas zonas rurales de la provincia de Toledo: VCM-631 Olías del Rey-Toledo.",CONT_CON,False,,,Convenio interadministrativo sobre servicio en concesion existente: no es acto contractual,True,resolución,"[""CONT_FOR"", ""CONT_CON""]","[""tipo_servicios""]",0.98,"El acto se refiere a la publicación de un convenio que formaliza un contrato de concesión de servicio público. La etiqueta CONT_FOR se debe a la ""publicación del convenio"" y CONT_CON porque el objeto es una ""concesión del servicio público"".",46.434,
9,bopa,Edicto. Trámite de audiencia a la iniciativa privada para presentar estudios de viabilidad a la concesión de obra de un nuevo aparcamiento bajo la Plaza de la Escandalera de Oviedo. Expte. 1100-0001-2024/14. [Cód. 2025-01895],CONT_CON,True,CONT_CON,tipo_obras,Tramite de audiencia estudios viabilidad concesion de obra aparcamiento,True,edicto,"[""CONT_CON""]","[""tipo_obras""]",0.95,"El texto menciona explícitamente ""concesión de obra"" y el objeto es un ""nuevo aparcamiento"", lo que clasifica la prestación como obras.",45.978,
10,boja,"Resolución de 24 de febrero de 2025, de la Dirección Gerencia del Servicio Andaluz de Salud, por la que se acuerda publicar la propuesta de estructura de costes y fórmula de revisión de las tarifas para la explotación de los aparcamientos que formarán parte del contrato mixto de contratación de las obras del Nuevo Hospital de Málaga y concesión de obras de los aparcamientos.",CONT_CON,True,CONT_CON,tipo_obras,Estructura de costes de contrato mixto obras y concesion de obras,True,resolución,"[""CONT_LIC"", ""CONT_CON""]","[""tipo_obras""]",0.95,"Se menciona la ""propuesta de estructura de costes y fórmula de revisión de las tarifas para la explotación de los aparcamientos"", lo que indica una fase preparatoria o licitativa relacionada con una concesión (CONT_CON). Además, se trata de un acuerdo sobre obras (""Nuevo Hospital de Málaga""), por lo que es relevante.",54.983,
11,boe,"Anuncio de licitación de: Jefatura de Asuntos Económicos del Mando de Personal. Objeto: Concesión de servicio de campamentos estivales de ocio, tiempo libre y deportes en el CDSCM ""La Dehesa"" de Madrid. Expediente: 2024/ETSAE0905/00004280E.",CONT_CON,True,"CONT_LIC, CONT_CON",tipo_servicios,Licitacion de concesion de servicio campamentos,True,anuncio,"[""CONT_LIC"", ""CONT_CON""]","[""tipo_servicios""]",0.98,"Se identifica la fase de licitación (""Anuncio de licitación"") y el objeto es una ""Concesión de servicio"", lo que dispara CONT_CON según las reglas críticas.",41.139,
12,boe,"Anuncio de licitación de: Subsecretaría de Política Territorial y Memoria Democrática. Objeto: Concesión de servicios para la instalación, explotación y mantenimiento de máquinas vending en el Ministerio de Política Territorial y Memoria Democrática . Expediente: 03/2025.",CONT_CON,True,"CONT_LIC, CONT_CON",tipo_servicios,Licitacion de concesion de servicios vending,True,anuncio,"[""CONT_LIC"", ""CONT_CON""]","[""tipo_servicios""]",0.98,"Se identifica la fase de licitación (""Anuncio de licitación"") y el objeto es una ""Concesión de servicios"", lo que dispara CONT_CON según las reglas críticas.",39.313,
13,boe,Anuncio de formalización de contratos de: Dirección General de Protección Civil y Emergencias. Objeto: Concesión del servicio de cafetería y comedor en la Escuela Nacional de Protección Civil con fomento de la contratación social laboral responsable. Expediente: 24A030.,CONT_CON,True,"CONT_FOR, CONT_CON",tipo_servicios,Formalizacion de concesion de servicio cafeteria,True,anuncio,"[""CONT_FOR"", ""CONT_CON""]","[""tipo_servicios""]",0.98,"Se menciona explícitamente ""Anuncio de formalización de contratos"" (dispara CONT_FOR) y el objeto es una ""Concesión del servicio de cafetería y comedor"", lo que activa CONT_CON.",42.108,
14,boe,Anuncio de licitación de: Intendente de San Fernando. Objeto: Contrato de concesión de servicio de las escuelas de baile para el CDSCA Oficiales. Expediente: 2025/AR43U/00000265E.,CONT_CON,True,"CONT_LIC, CONT_CON",tipo_servicios,Licitacion de contrato de concesion escuelas de baile,True,convocatoria,"[""CONT_LIC"", ""CONT_CON""]","[""tipo_servicios""]",0.98,"Se identifica la convocatoria mediante ""Anuncio de licitación"" y el objeto es una ""Contrato de concesión de servicio"", lo que dispara CONT_LIC y CONT_CON respectivamente.",39.913,
15,bocm,"Adjudicación contrato
– Anuncio de 6 de febrero de 2025, de adjudicación del contrato titulado “Acuerdo marco para el suministro de material hardware/software informático de puesto cliente” (Expediente 6012400340)",CONT_ADJ,True,CONT_ADJ,tipo_suministros,Adjudicacion AM suministro hardware,True,anuncio,"[""CONT_ADJ""]","[""tipo_suministros""]",0.95,"Se identifica la fase de adjudicación mediante el texto ""Adjudicación contrato"" y se confirma la naturaleza contractual con la mención a ""adjudicación del contrato titulado"".",38.574,
16,bocm,"Convocatoria contrato
– Resolución de 4 de marzo de 2025, de la Secretaría General Técnica de la Consejería de Economía, Hacienda y Empleo, por la que se dispone la publicación en los boletines oficiales y en el “perfil del contratante” en Internet, de la licitación para la adjudicación del contrato titulado Programa de formación online en competencias digitales dirigidas al sector turístico en el marco del Componente 19 “Plan Nacional de competencias digitales (digital skills)”, con cargo al Plan de Recuperación, Transformación y Resiliencia del Gobierno de España, financiado por la Unión Europea NextGeneration EU",CONT_ADJ,True,CONT_LIC,tipo_servicios,Publicacion de licitacion para adjudicar: fase licitacion. Formacion online,True,convocatoria,"[""CONT_LIC""]","[""tipo_servicios""]",0.98,"Se menciona explícitamente ""licitación para la adjudicación del contrato titulado Programa de formación online en competencias digitales"".",37.486,
17,bocm,"Convocatoria contrato
– Resolución de 8 de enero de 2025, de la Secretaría General Técnica de la Consejería de Cultura, Turismo y Deporte, por la que se dispone la publicación de la licitación en los boletines oficiales y en el “perfil del contratante”, en Internet, de la adjudicación del contrato titulado “Gestión integral de los Teatros del Canal de Madrid, incluido el Centro Coreográfico Canal, y del Teatro Auditorio de San Lorenzo de El Escorial”",CONT_ADJ,True,CONT_LIC,tipo_servicios,Publicacion de licitacion: fase licitacion. Gestion teatros,True,convocatoria,"[""CONT_LIC"", ""CONT_ADJ""]","[""tipo_servicios""]",0.95,"El texto menciona la ""publicación de la licitación"" (""se dispone la publicación de la licitación"") y simultáneamente hace referencia a la ""adjudicación del contrato titulado"", lo que dispara tanto CONT_LIC como CONT_ADJ.",46.622,
18,boja,"Resolución de 24 de marzo de 2025, del Rector de la Universidad de Granada, por la que se añade una plaza a las convocadas por Resolución de 19 de marzo de 2025, del Rector de la Universidad de Granada, por la que se convoca concurso público para la adjudicación de contratos de Profesorado Permanente Laboral.",CONT_ADJ,False,,,Adjudicacion de contratos de profesorado: RRHH universitario,False,resolución,[],[],1.0,El texto se centra en la convocatoria y adjudicación de plazas laborales académicas.,37.109,
19,bocm,"Convocatoria contrato
– Resolución de 12 de febrero de 2025, de la Secretaría General Técnica de la Consejería de Economía, Hacienda y Empleo, por la que se dispone la publicación en los boletines oficiales y en el “perfil del contratante” en Internet de la licitación para la adjudicación del contrato titulado prevención y control de legionelosis en dependencias adscritas a la Consejería de Economía, Hacienda y Empleo de la Comunidad de Madrid",CONT_ADJ,True,CONT_LIC,tipo_servicios,Licitacion para adjudicacion contrato legionelosis,True,convocatoria,"[""CONT_LIC""]","[""tipo_servicios""]",0.95,"Se menciona explícitamente ""licitación para la adjudicación del contrato titulado prevención y control de legionelosis"".",36.642,
20,boja,"Resolución de 7 de marzo de 2025, del Rector de la Universidad de Granada, por la que se convoca Concurso Público para la adjudicación de contratos de Profesores Ayudantes Doctores para el curso 2024/2025 en el campus de Granada.",CONT_ADJ,False,,,Concurso publico contratos Profesores Ayudantes Doctores: RRHH,False,resolución,[],[],1.0,"El acto se refiere a la convocatoria para la adjudicación de contratos de Profesores Ayudantes Doctores, lo cual corresponde a la adjudicación de plazas o puestos de personal (RRHH).",43.812,
21,bocm,"Adjudicación contrato
– Anuncio de 26 de diciembre de 2024, de adjudicación del contrato titulado “Suministro de bandajes para el mantenimiento de ruedas elásticas de los vehículos de material móvil de Metro de Madrid” (Expediente 6012400321)",CONT_ADJ,True,CONT_ADJ,tipo_suministros,Adjudicacion contrato suministro bandajes,True,anuncio,"[""CONT_ADJ""]","[""tipo_suministros""]",0.95,"La descripción menciona explícitamente ""adjudicación del contrato titulado"". El objeto es un suministro de material para el mantenimiento de vehículos.",36.768,
22,boja,"Resolución de 8 de enero de 2025, de la Empresa Pública para la Gestión del Turismo y del Deporte de Andalucía, S.A., por la que se publica la adjudicación de contratos de publicidad institucional, correspondientes al tercer cuatrimestre del año 2024.",CONT_ADJ,True,CONT_ADJ,tipo_servicios,Adjudicacion contratos publicidad institucional,True,resolución,"[""CONT_ADJ""]","[""tipo_servicios""]",0.95,"Se identifica la comunicación de una adjudicación mediante el texto ""se publica la adjudicación de contratos"".",34.071,
23,boja,"Resolución de 16 de enero de 2025, de la Secretaría General Técnica, por la que se hace pública la adjudicación de contratos relativos a publicidad institucional y la concesión de ayudas, subvenciones y convenios en materia de actividad publicitaria, correspondiente al tercer cuatrimestre del año 2024.",CONT_ADJ,True,CONT_ADJ,tipo_servicios,Adjudicacion contratos publicidad. Menciona tambien ayudas y convenios,True,resolución,"[""CONT_ADJ""]",[],0.9,"Se menciona explícitamente la ""adjudicación de contratos relativos a publicidad institucional"". Aunque también se mencionan ayudas y subvenciones (que no son relevantes), el núcleo contractual es la adjudicación.",44.824,
24,boja,"Anuncio de 24 de enero de 2025, de la Comunidad de Regantes Llanos de Dalías, de adjudicación del contrato de obras del proyecto que se cita. (PP. 168/2025).",CONT_ADJ,True,CONT_ADJ,tipo_obras,Adjudicacion contrato de obras por comunidad de regantes,True,anuncio,"[""CONT_ADJ""]","[""tipo_obras""]",0.95,"El texto es un ""Anuncio de... adjudicación del contrato"", lo que indica la fase de comunicación de una resolución o acto administrativo. Se detecta la etiqueta CONT_ADJ por la mención explícita de ""adjudicación del contrato"".",36.345,
25,boja,"Resolución de 24 de enero de 2025, de la Secretaría General Técnica, por la que se hace pública la adjudicación de contratos relativos a publicidad institucional y la concesión de ayudas, subvenciones y convenios en materia de actividad publicitaria, correspondiente al 3.er cuatrimestre del año 2024.",CONT_ADJ,True,CONT_ADJ,tipo_servicios,Adjudicacion contratos publicidad institucional,True,resolución,"[""CONT_ADJ""]",[],0.9,"Se menciona explícitamente la ""adjudicación de contratos relativos a publicidad institucional"". Aunque también incluye ayudas y subvenciones (que no son relevantes), el núcleo contractual es la adjudicación.",44.283,
26,bocm,"Adjudicación contrato
– Anuncio de 19 de febrero de 2025, de adjudicación del contrato titulado “Servicio de revisión y reparación de balonas de suspensión secundaria de las series 6000, 8000 y 3000”. (Expediente 6012400218)",CONT_ADJ,True,CONT_ADJ,tipo_servicios,Adjudicacion contrato servicio reparacion,True,anuncio,"[""CONT_ADJ""]","[""tipo_servicios""]",0.95,"El texto indica ""Adjudicación contrato"" y menciona la ""adjudicación del contrato titulado..."", lo que dispara CONT_ADJ. El objeto es un servicio de revisión y reparación, clasificándolo como tipo_servicios.",45.854,
27,bocm,"Adjudicación contrato
– Anuncio de 21 de marzo de 2025, de adjudicación del contrato titulado “Acuerdo marco para el suministro de repuestos de comunicaciones para el mantenimiento de las instalaciones y del material móvil de Metro de Madrid”. (Expediente 6012400378)",CONT_ADJ,True,CONT_ADJ,tipo_suministros,Adjudicacion AM suministro repuestos,True,anuncio,"[""CONT_ADJ""]","[""tipo_suministros""]",0.95,"Se identifica la fase de adjudicación mediante el texto ""Anuncio de... de adjudicación del contrato titulado"". La naturaleza del objeto es un suministro (""suministro de repuestos"").",37.836,
28,bocm,"Adjudicación contrato
– Anuncio de 13 de febrero de 2025, de adjudicación del contrato titulado “Servicio de mantenimiento del sistema de atención telefónica avanzada del Centro de Operaciones de Mantenimiento y Monitorización de Instalaciones y Telecomunicaciones (COMMIT)”. (Expediente 6012400400)",CONT_ADJ,True,CONT_ADJ,tipo_servicios,Adjudicacion contrato mantenimiento,True,anuncio,"[""CONT_ADJ""]","[""tipo_servicios""]",0.95,"La descripción menciona explícitamente ""adjudicación del contrato titulado"", lo que dispara la etiqueta CONT_ADJ. El objeto es un servicio específico (""Servicio de mantenimiento...""), por lo que se clasifica como relevante para LCSP.",42.689,
29,bocm,"Adjudicación contrato
– Anuncio de 28 de enero de 2025, de adjudicación del contrato titulado “Acuerdo marco para servicios de asistencia a la redacción de proyectos de ingeniería civil y arquitectura y/o elaboración de informes técnicos asociados a las actividades del servicio de infraestructuras y estaciones de Metro de Madrid” (expediente 6012400310)",CONT_ADJ,True,CONT_ADJ,tipo_servicios,Adjudicacion AM servicios redaccion proyectos,True,anuncio,"[""CONT_ADJ""]","[""tipo_servicios""]",0.95,"La descripción menciona explícitamente ""adjudicación del contrato titulado"", lo que dispara la etiqueta CONT_ADJ. El objeto es un servicio técnico (ingeniería civil y arquitectura), por lo que se infiere tipo_servicios.",42.792,
30,bon,Encomienda de gestión para recuperar la infraestructura-trazado de la Vía Verde del Bidasoa en el tramo Doneztebe / Santesteban-Elizondo y disponer de dicho espacio como vial público,CONT_ENC,True,CONT_ENC,tipo_obras,Encomienda de gestion recuperacion via verde,True,convenio,"[""CONT_ENC""]","[""tipo_obras""]",0.9,"El texto menciona una ""Encomienda de gestión"", lo cual dispara la categoría CONT_ENC. Aunque el tipo de acto no está explícito en las opciones válidas para act_type, se infiere que es un acuerdo o convenio relacionado con esta encomienda.",53.089,
31,dogv,ANUNCIO de la encomienda de gestión del Ajuntament de Teulada de autoliquidaciones en Suma Gestión Tributaria. Diputación de Alicante.,CONT_ENC,True,CONT_ENC,tipo_servicios,Encomienda de gestion tributaria a Suma,True,anuncio,"[""CONT_ENC""]","[""tipo_servicios""]",0.95,"La descripción menciona explícitamente ""ANUNCIO de la encomienda de gestión"", lo que dispara la etiqueta CONT_ENC según las señales definidas.",35.523,
32,dogv,"RESOLUCIÓN de 21 de febrero de 2025, de la Dirección General de Relaciones con Les Corts, por la que se publica el convenio de encomienda de gestión por el que la Agencia Valenciana de Seguridad y Respuesta a las Emergencias encarga al Ayuntamiento de Sagunto la actividad de instrucción policial en los cursos de acceso a las distintas escalas y categorías de policía local organizados por el Instituto Valenciano de Seguridad Pública y Emergencias (IVASPE).",CONT_ENC,True,CONT_ENC,tipo_servicios,Convenio encomienda instruccion policial,True,resolución,"[""CONT_ENC""]","[""tipo_servicios""]",0.95,"Se identifica la etiqueta CONT_ENC por la mención explícita de ""convenio de encomienda de gestión"" que transfiere una actividad específica (instrucción policial).",38.767,
33,bopa,"Resolución de 13 de marzo de 2025, de la Consejería de Presidencia, Reto Demográfico, Igualdad y Turismo, por la que se ordena la publicación del Convenio de colaboración entre la Administración del Principado de Asturias, a través de la Consejería de Derechos Sociales y Bienestar, y el Ayuntamiento de Llanera por el que se establece el marco de cooperación para el desarrollo de las prestaciones sociales del Sistema Público de Servicios Sociales y la encomienda de gestión de la prestación del servicio de ayuda a domicilio y teleasistencia a personas en situación de dependencia del Sistema para la Autonomía y Atención a la Dependencia durante los ejercicios 2024 a 2027. [Cód. 2025-02293]",CONT_ENC,True,CONT_ENC,tipo_servicios,Convenio con encomienda de gestion ayuda a domicilio,True,resolución,"[""CONT_ENC""]","[""tipo_servicios""]",0.98,"El acto menciona explícitamente ""la encomienda de gestión de la prestación del servicio de ayuda a domicilio y teleasistencia"", lo que dispara CONT_ENC según las reglas críticas.",43.123,
34,bopa,"Resolución de 13 de marzo de 2025, de la Consejería de Presidencia, Reto Demográfico, Igualdad y Turismo, por la que se ordena la publicación del Convenio de colaboración entre la Administración del Principado de Asturias, a través de la Consejería de Derechos Sociales y Bienestar, y el Ayuntamiento de Tineo por el que se establece el marco de cooperación para el desarrollo de las prestaciones sociales del Sistema Público de Servicios Sociales y la encomienda de gestión de la prestación del servicio de ayuda a domicilio y teleasistencia a personas en situación de dependencia del Sistema para la Autonomía y Atención a la Dependencia durante los ejercicios 2024 a 2027. [Cód. 2025-02320]",CONT_ENC,True,CONT_ENC,tipo_servicios,Convenio con encomienda de gestion ayuda a domicilio,True,resolución,"[""CONT_ENC""]","[""tipo_servicios""]",0.98,"Se identifica la ""encomienda de gestión"" del servicio de ayuda a domicilio y teleasistencia, lo que dispara CONT_ENC según las reglas críticas. El acto es una resolución que ordena la publicación de un convenio que formaliza dicha encomienda.",43.072,
35,boe,"Resolución de 9 de enero de 2025, de la Secretaría General Técnica, por la que se publica el Convenio de encomienda de gestión entre la Dirección General de la Guardia Civil y la Comunidad de Castilla y León, para la vigilancia y protección de los edificios e instalaciones del complejo donde se ubica la sede de la Presidencia de la Junta de Castilla y León.",CONT_ENC,True,CONT_ENC,tipo_servicios,Encomienda de gestion vigilancia edificios,True,resolución,"[""CONT_ENC""]","[""tipo_servicios""]",0.95,"Se identifica el acto como un ""Convenio de encomienda de gestión"" para la vigilancia y protección de instalaciones, lo que dispara CONT_ENC según las reglas críticas.",37.891,
36,dogv,"RESOLUCIÓN de 16 de enero de 2025, de la Dirección General de Relaciones con Les Corts, por la que se publica el convenio de encomienda de gestión por el que la Agencia Valenciana de Seguridad y Respuesta a las Emergencias encarga al Ayuntamiento de Elche la actividad de instrucción policial en los cursos de acceso a las distintas escalas y categorías de policía local organizados por el Instituto Valenciano de Seguridad Pública y Emergencias (IVASPE).",CONT_ENC,True,CONT_ENC,tipo_servicios,Convenio encomienda instruccion policial,True,resolución,"[""CONT_ENC""]","[""tipo_servicios""]",0.95,"Se identifica la etiqueta CONT_ENC por la mención explícita de ""convenio de encomienda de gestión"" que transfiere una actividad específica (instrucción policial).",39.041,
37,bon,Encomienda de gestión para recuperar la infraestructura-trazado de la Vía Verde del Bidasoa en el tramo Doneztebe / Santesteban-Elizondo y disponer de dicho espacio como vial público,CONT_ENC,True,CONT_ENC,tipo_obras,Encomienda de gestion via verde. Duplicado del id 30,True,otros,"[""CONT_ENC""]","[""tipo_obras""]",0.9,"Se menciona explícitamente ""Encomienda de gestión para recuperar la infraestructura-trazado"", lo que dispara CONT_ENC. El acto es un anuncio o publicación general sin tipo documental específico claro, por lo que se usa 'otros'.",51.889,
38,bopa,"Resolución de 13 de marzo de 2025, de la Consejería de Presidencia, Reto Demográfico, Igualdad y Turismo, por la que se ordena la publicación del Convenio de colaboración entre la Administración del Principado de Asturias, a través de la Consejería de Derechos Sociales y Bienestar y el Ayuntamiento de San Tirso de Abres por el que se establece el marco de cooperación para el desarrollo de las prestaciones sociales del Sistema Público de Servicios Sociales y la encomienda de gestión de la prestación del servicio de ayuda a domicilio y teleasistencia a personas en situación de dependencia del Sistema para la Autonomía y Atención a la Dependencia durante los ejercicios 2024 a 2027. [Cód. 2025-02238]",CONT_ENC,True,CONT_ENC,tipo_servicios,Convenio con encomienda de gestion ayuda a domicilio,True,resolución,"[""CONT_ENC""]","[""tipo_servicios""]",0.95,"El acto menciona explícitamente la ""encomienda de gestión de la prestación del servicio de ayuda a domicilio y teleasistencia"", lo que dispara la etiqueta CONT_ENC según las reglas críticas.",43.979,
39,bopv,"RESOLUCIÓN 22/2025, de 25 de febrero, del Director de la Secretaría del Gobierno y de Relaciones con el Parlamento, por la que se dispone la publicación del acuerdo por el que se autoriza la suscripción de la prórroga, para el año 2025, del Acuerdo de encomienda de gestión suscrito con el Instituto de Alfabetización y Reeuskaldunización de Adultos, HABE, para la enseñanza del euskera a alumnos presos en centros penitenciarios de la Comunidad Autónoma del País Vasco.

				
2025/01015",CONT_ENC,True,CONT_ENC,tipo_servicios,Prorroga de encomienda de gestion: hereda CONT_ENC. Euskera presos,True,resolución,"[""CONT_ENC""]","[""tipo_servicios""]",0.95,"La publicación se refiere a la ""prórroga... del Acuerdo de encomienda de gestión"", lo que dispara la etiqueta CONT_ENC según las reglas críticas.",39.91,
40,bopa,"Resolución de 13 de marzo de 2025, de la Consejería de Presidencia, Reto Demográfico, Igualdad y Turismo, por la que se ordena la publicación del Convenio de colaboración entre la Administración del Principado de Asturias, a través de la Consejería de Derechos Sociales y Bienestar, y el Ayuntamiento de Degaña por el que se establece el marco de cooperación para el desarrollo de las prestaciones sociales del Sistema Público de Servicios Sociales y la encomienda de gestión de la prestación del servicio de ayuda a domicilio y teleasistencia a personas en situación de dependencia del Sistema para la Autonomía y Atención a la Dependencia durante los ejercicios 2024 a 2027. [Cód. 2025-02287]",CONT_ENC,True,CONT_ENC,tipo_servicios,Convenio con encomienda de gestion ayuda a domicilio,True,resolución,"[""CONT_ENC""]","[""tipo_servicios""]",0.95,"El acto menciona explícitamente la ""encomienda de gestión de la prestación del servicio de ayuda a domicilio y teleasistencia"", lo que dispara la etiqueta CONT_ENC según las reglas críticas.",43.83,
41,boe,"Resolución de 5 de febrero de 2025, de la Secretaría General Técnica, por la que se publica el Convenio por el que se formaliza la encomienda de gestión al Ayuntamiento de Villanueva del Arzobispo, para la ejecución de obras de reforma y rehabilitación de la casa-cuartel de la Guardia Civil de titularidad estatal radicada en el municipio en el marco del Programa de Fomento de Empleo Agrario.",CONT_ENC,True,CONT_ENC,tipo_obras,Encomienda de gestion ejecucion obras casa-cuartel,True,resolución,"[""CONT_ENC""]","[""tipo_obras""]",0.95,"El acto se refiere a la ""formaliza la encomienda de gestión"" para obras.",42.284,
42,bopa,"Resolución de 13 de marzo de 2025, de la Consejería de Presidencia, Reto Demográfico, Igualdad y Turismo, por la que se ordena la publicación del Convenio de colaboración entre la Administración del Principado de Asturias, a través de la Consejería de Derechos Sociales y Bienestar, y el Ayuntamiento de Castrillón por el que se establece el marco de cooperación para el desarrollo de las prestaciones sociales del Sistema Público de Servicios Sociales y la encomienda de gestión de la prestación del servicio de ayuda a domicilio y teleasistencia a personas en situación de dependencia del Sistema para la Autonomía y Atención a la Dependencia durante los ejercicios 2024 a 2027. [Cód. 2025-02207]",CONT_ENC,True,CONT_ENC,tipo_servicios,Convenio con encomienda de gestion ayuda a domicilio,True,resolución,"[""CONT_ENC""]","[""tipo_servicios""]",0.95,"El acto menciona explícitamente la ""encomienda de gestión de la prestación del servicio de ayuda a domicilio y teleasistencia"", lo que dispara la etiqueta CONT_ENC según las reglas críticas.",43.916,
43,boca,"Servicio Canario de Empleo.- Resolución de 31 de diciembre de 2024, de la Presidenta, de encomienda de gestión a la sociedad mercantil pública Instituto Tecnológico de Canarias, S.A. (ITC) para apoyo a la gestión del Centro de Orientación, Emprendimiento, Acompañamiento e Innovación para el Empleo del Servicio Canario de Empleo, año 2025.",CONT_ENC,True,CONT_ENC,tipo_servicios,Encomienda de gestion a medio propio ITC,True,resolución,"[""CONT_ENC""]","[""tipo_servicios""]",0.98,"Se identifica la ""encomienda de gestión"" en el texto. Esto dispara la etiqueta CONT_ENC según las señales clave.",35.94,
44,bopa,"Resolución de 13 de marzo de 2025, de la Consejería de Presidencia, Reto Demográfico, Igualdad y Turismo, por la que se ordena la publicación del Convenio de colaboración entre la Administración del Principado de Asturias, a través de la Consejería de Derechos Sociales y Bienestar y el Ayuntamiento de Proaza por el que se establece el marco de cooperación para el desarrollo de las prestaciones sociales del Sistema Público de Servicios Sociales y la encomienda de gestión de la prestación del servicio de ayuda a domicilio y teleasistencia a personas en situación de dependencia del Sistema para la Autonomía y Atención a la Dependencia durante los ejercicios 2024 a 2027. [Cód. 2025-02305]",CONT_ENC,True,CONT_ENC,tipo_servicios,Convenio con encomienda de gestion ayuda a domicilio,True,resolución,"[""CONT_ENC""]","[""tipo_servicios""]",0.95,"El acto menciona explícitamente la ""encomienda de gestión de la prestación del servicio de ayuda a domicilio y teleasistencia"", lo que dispara la etiqueta CONT_ENC según las reglas críticas.",43.779,
45,docm,"Resolución de 06/02/2025, de la Dirección General de Recursos Humanos y Transformación, por la que se nombra personal estatutario fijo y se adjudican plazas a las personas aprobadas en el proceso selectivo para el ingreso, por el sistema general de acceso libre, en la categoría de Facultativo/a Especialista de Área de Cirugía Ortopédica y Traumatología, de las instituciones sanitarias del Servicio de Salud de Castilla-La Mancha, convocado por Resolución de 09/03/2021.",NEG_ADJ_RRHH,False,,,Adjudicacion de plazas personal estatutario: RRHH,False,resolución,[],[],0.98,"El acto se refiere a la ""nombramiento de personal estatutario fijo y se adjudican plazas"", lo cual corresponde a RRHH y no es un acto de contratación pública LCSP.",38.4,
46,boib,"Resolución de la Presidencia del IMAS por la que aprueba la lista definitiva de las personas aspirantes que han superado el proceso selectivo de estabilización por el sistema de concurso-oposición para el ingreso como personal funcionario de la escala de Administración especial , subescala técnica, clase técnico-a medio, especialidad Terapia Ocupacional, del subgrupo A2, se nombra personal funcionario de carrera y se adjudican los puestos de trabajo",NEG_ADJ_RRHH,False,,,Adjudicacion de puestos proceso estabilizacion: RRHH,False,resolución,[],[],0.98,"El acto trata sobre la aprobación de una lista definitiva de aspirantes que superaron un proceso selectivo para el ingreso como personal funcionario y la adjudicación de puestos de trabajo. Esto corresponde a RRHH (adjudicaciones de plazas), lo cual está excluido del dominio LCSP.",55.261,
47,boc,"Resolución de 16 de diciembre de 2024, por la que se adjudica el puesto de trabajo número 8538, Subdirector General del Área de Recaudación de la Agencia Cántabra de Administración Tributaria, Consejería de Economía, Hacienda, Financiación Autonómica y Fondos Europeos, convocado mediante Resolución del Presidente de la Agencia Cántabra de Administración Tributaria, de 6 de noviembre de 2024.",NEG_ADJ_RRHH,False,,,Adjudicacion de puesto de trabajo: RRHH,False,resolución,[],[],1.0,"El acto se refiere a la ""adjudicación del puesto de trabajo número 8538"", lo que lo clasifica como RRHH.",41.807,
48,boe,"Resolución de 11 de febrero de 2025, de la Dirección General de Seguridad Jurídica y Fe Pública, en el recurso interpuesto contra la calificación realizada por la registradora de la propiedad de Getafe número 2 en el seno de un procedimiento administrativo de ejecución seguido por la Agencia Estatal de Administración Tributaria en el que, tras inscribir la adjudicación del dominio de una finca adquirido en la correspondiente subasta, suspende la cancelación de la anotación de embargo que en su día se practicó en dicho expediente, así como la cancelación de las cargas posteriores, ordenadas en mandamiento expedido por la Agencia Estatal de Administración Tributaria.",NEG_ADJ_RRHH,False,,,Recurso registral sobre adjudicacion de finca en subasta: no contractual,False,resolución,[],[],0.98,"El acto trata sobre un recurso administrativo contra una inscripción registral relacionada con la adjudicación de una finca adquirida en subasta y la cancelación de cargas hipotecarias. No se menciona ningún proceso de contratación pública (licitación, formalización o adjudicación de contrato).",57.471,
49,bocyl,"RESOLUCIÓN de 15 de enero de 2025, de la Viceconsejería de Administraciones Públicas y Atención al Ciudadano, por la que se adjudican destinos a los aspirantes que han superado el proceso selectivo convocado por Resolución de 23 de noviembre de 2022, para ingreso, por el sistema de acceso libre, en la competencia funcional de Oficial de Primera Conductor, en régimen de contratación laboral de carácter fijo discontinuo, que presta sus servicios en el operativo para la prevención y extinción de incendios forestales dependiente de la Consejería de Medio Ambiente, Vivienda y Ordenación del Territorio.",NEG_ADJ_RRHH,False,,,Adjudicacion de destinos proceso selectivo: RRHH,False,resolución,[],[],0.98,"El acto se refiere a la ""adjudicación de destinos a los aspirantes"" y al ingreso en un ""régimen de contratación laboral"", lo cual corresponde a adjudicaciones de plazas o puestos de personal (RRHH).",48.196,
50,boja,"Resolución de 26 de febrero de 2025, de la Viceconsejería, por la que se adjudica puesto de trabajo de libre designación convocado por resolución que se cita.",NEG_ADJ_RRHH,False,,,Adjudicacion puesto libre designacion: RRHH,False,resolución,[],[],1.0,"El acto trata sobre la ""adjudicación puesto de trabajo"", lo cual corresponde a adjudicaciones de plazas o puestos de personal (RRHH).",38.436,
51,boc,"Resolución de 2 de enero de 2025, por la que se adjudican los puestos de trabajo de la categoría profesional Operario de Carreteras a los aspirantes que han superado el proceso selectivo convocado por Orden PRE/151/2022, de 28 de noviembre.",NEG_ADJ_RRHH,False,,,Adjudicacion puestos proceso selectivo: RRHH,False,resolución,[],[],1.0,"El acto se refiere a la adjudicación de puestos de trabajo, lo cual está excluido del dominio LCSP (RRHH).",39.263,
52,docm,"Resolución de 24/01/2025, de la Dirección General de Recursos Humanos y Transformación, por la que se nombra personal estatutario fijo y se adjudican plazas a las personas aprobadas en el proceso selectivo convocado para el ingreso, por el sistema general de acceso libre, en la categoría de Ingeniero/a Técnico/a, de las instituciones sanitarias del Servicio de Salud de Castilla-La Mancha, convocado por Resolución de 23/08/2021.",NEG_ADJ_RRHH,False,,,Adjudicacion plazas personal estatutario: RRHH,False,resolución,[],[],1.0,"El acto se refiere a la ""adjudicación de plazas"" y el ""nombramiento personal estatutario fijo"", lo que lo sitúa fuera del ámbito de contratación pública LCSP.",44.753,
53,bopa,"Resolución de 14 de marzo de 2025, del Secretario General de la Universidad de Oviedo, por la que se emplaza a los interesados en el recurso de alzada 25/2025 contra los Acuerdos del Tribunal respecto al 1.er y 2.º ejercicio y la anulación del Acuerdo del Tribunal en el que se propone la adjudicación de las plazas, y en el recurso de reposición 30/2025 contra la Resolución del Rector de 13 de febrero de 2025, por la que se adjudican las 40 plazas convocadas por Resolución del Rector de 5 de diciembre de 2023, de la Escala Administrativos de la Universidad de Oviedo, Grupo C, Subgrupo C1, sistema general de acceso libre (BOPA de 20 de diciembre de 2023). [Cód. 2025-02143]",NEG_ADJ_RRHH,False,,,Emplazamiento recurso sobre adjudicacion de plazas: RRHH,False,resolución,[],[],0.98,"El texto se centra en recursos administrativos contra la ""adjudicación de las 40 plazas"", lo cual corresponde a RRHH y no al ámbito de contratación pública LCSP.",48.69,
54,bopa,"Resolución de 23 de enero de 2025, de la Dirección Gerencia del Servicio de Salud del Principado de Asturias, por la que se nombra personal estatutario fijo y se adjudican plazas de la categoría de Técnico Especialista en Radiodiagnóstico del Servicio de Salud del Principado de Asturias, convocado por Resolución de 15 de diciembre de 2022 (BOPA de 27 de diciembre de 2022). [Cód. 2025-00725]",NEG_ADJ_RRHH,False,,,Adjudicacion plazas personal estatutario: RRHH,False,resolución,[],[],1.0,"El acto se refiere a la ""nombramiento de personal estatutario fijo y se adjudican plazas"", lo cual corresponde a RRHH y no al ámbito de contratación pública (LCSP).",45.059,
55,boe,"Resolución de la Autoridad Portuaria de Baleares por la que se anuncia el concurso público para la explotación, en régimen de concesión administrativa, de un bar-cafetería y restaurante en el edificio Port Centre del puerto de Palma (CC-C-P-0011), la elección de la solución más ventajosa y el otorgamiento de la correspondiente concesión administrativa.",NEG_DOM_PUB,False,,,Concesion administrativa demanial portuaria para bar-cafeteria: dominio publico no LCSP,False,,,,,,57.547,UnexpectedModelBehavior
56,boe,"Anuncio de la Autoridad Portuaria de Sevilla de información pública de la solicitud presentada por Congresos y Turismo de Sevilla SA de modificación sustancial de concesión administrativa Expediente E497, consistente en la ampliación de su plazo.",NEG_DOM_PUB,False,,,Modificacion concesion administrativa portuaria: dominio publico,False,,,,,,55.143,UnexpectedModelBehavior
57,bopv,"ANUNCIO por el que se somete a información pública el expediente de solicitud de concesión administrativa para el aprovechamiento de 211,6 m3/año del río Urkulu en el término municipal de Oñati (Gipuzkoa), con destino a abastecimiento de población y riego.
				
2025/00167",NEG_DOM_PUB,False,,,Concesion administrativa aprovechamiento de aguas: dominio B1,False,,,,,,80.692,UnexpectedModelBehavior
58,boe,"Anuncio de la Autoridad Portuaria de Sevilla de otorgamiento de concesión administrativa a Sociedad Ibérica de Construcciones Eléctricas, S.A. en la zona de servicio del Puerto de Sevilla con destino a almacenaje, control y distribución de materiales (E620).",NEG_DOM_PUB,False,,,Otorgamiento concesion administrativa portuaria: dominio publico,False,,,,,,56.417,UnexpectedModelBehavior
59,boja,"Resolución de 19 de marzo de 2025, de la Dirección General de Trabajo, Seguridad y Salud Laboral, por la que se garantiza el funcionamiento del servicio público que presta la empresa Servicios y Mantenimiento Mabraser XI, S.L., relativo al servicio incluido en los lotes 1, 2 y 7 de la concesión administrativa de limpieza en centros educativos dependientes de la Delegación Territorial de Desarrollo Educativo y Formación Profesional y de Universidad, Investigación e Innovación en Córdoba, en los que dicha empresa es adjudicataria, mediante el establecimiento de los servicios mínimos.",NEG_DOM_PUB,False,,,Servicios minimos por huelga en concesion de limpieza: acto laboral,True,resolución,"[""CONT_CON""]","[""tipo_servicios""]",0.95,"El objeto es el ""servicio... relativo al servicio incluido en los lotes 1, 2 y 7 de la concesión administrativa de limpieza"".",49.148,
60,boe,"Anuncio de la Autoridad Portuaria de Tarragona por el que se somete a información pública la solicitud presentada por Bergé Marítima, S.L., para la ocupación y mejora de una nave preexistente y la construcción y posterior explotación, en régimen de concesión administrativa, de un conjunto de dos naves en la confluencia entre el Muelle de Aragón y Navarra, destinada a la manipulación portuaria y almacenaje de graneles sólidos y mercancía general, así como para la generación de energía fotovoltaica.",NEG_DOM_PUB,False,,,Concesion administrativa portuaria naves: dominio publico,False,,,,,,50.812,UnexpectedModelBehavior
61,boe,Anuncio de la Autoridad Portuaria de Sevilla de información pública de la solicitud presentada por Sevisur Logística SA de otorgamiento de concesión administrativa para ocupación de parcela en la Zona de Actividades Logísticas con destino a la construcción de dos naves logísticas para su cesión a terceros (E661).,NEG_DOM_PUB,False,,,Concesion administrativa portuaria parcela ZAL: dominio publico,False,,,,,,48.711,UnexpectedModelBehavior
62,dog,RESOLUCIÓN de 24 de enero de 2025 por la que se autoriza la transmisión inter vivos de la concesión administrativa de la batea Isla II.,NEG_DOM_PUB,False,,,Transmision concesion administrativa de batea: dominio publico maritimo,False,,,,,,47.263,UnexpectedModelBehavior
63,boe,Anuncio de la Autoridad Portuaria de Castellón por la que se convoca concurso público para el otorgamiento de una concesión administrativa de ocupación de dominio público portuario.,NEG_DOM_PUB,False,,,Concurso concesion administrativa dominio publico portuario,False,,,,,,46.817,UnexpectedModelBehavior
64,dogv,"ANUNCIO del expediente de concesión demanial por razones de interés público de terrenos en el monte del Catálogo de utilidad pública V075 denominado La Redonda, sito en el término municipal de Enguera (Valencia) y perteneciente a su ayuntamiento, a fin de realizar la instalación de infraestructuras de telecomunicaciones, promovido por Telefónica de España, SAU.",NEG_DOM_PUB,False,,,Concesion demanial en monte UP para telecomunicaciones: dominio publico,False,anuncio,[],[],0.98,"El texto menciona ""concesión demanial"" y la ocupación de terrenos en un monte, lo cual cae bajo el ámbito de las concesiones de dominio público excluidas del alcance LCSP.",44.158,
65,boe,Anuncio de licitación de: Jefatura de Asuntos Económicos del Mando de Apoyo Logístico. Objeto: Resolución de obsolescencias de sistemas de defensa antiaérea del PCMASACOM. Expediente: 2024/ETSAE0906/00003960E.,CONT_LIC,True,CONT_LIC,,Licitacion resolucion obsolescencias defensa antiaerea. Objeto ambiguo servicio o suministro,True,anuncio,"[""CONT_LIC""]","[""tipo_suministros""]",0.95,"El texto contiene la frase ""Anuncio de licitación"", lo que dispara directamente la etiqueta CONT_LIC. El objeto trata sobre sistemas de defensa antiaérea, lo cual se clasifica como suministros o equipamiento.",42.097,
66,boe,Anuncio de licitación de: ADIF -Consejo de Administración. Objeto: Ejecución de las obras del proyecto de construcción de la nueva estación de Sant Feliú de Llobregat y del proyecto de construcción de la integración del ferrocarril en Sant Feliú de Llobregat. Instalaciones de protección y seguridad. Expediente: 3.24/06110.0183.,CONT_LIC,True,CONT_LIC,tipo_obras,Licitacion ejecucion obras estacion ferroviaria,True,anuncio,"[""CONT_LIC""]","[""tipo_obras""]",0.95,"El texto contiene la frase ""Anuncio de licitación"", lo que dispara directamente la etiqueta CONT_LIC. El objeto trata sobre la ejecución de obras (""construcción""), por lo que se infiere el tipo_obras.",41.458,
67,boe,"Anuncio de licitación de: Junta de Contratación del Ministerio de la Presidencia, Justicia y Relaciones con las Cortes. Objeto: Servicio de información multicanal del Ministerio de la Presidencia, Justicia y Relaciones con las Cortes. Expediente: ASE/2024/0067.",CONT_LIC,True,CONT_LIC,tipo_servicios,Licitacion servicio informacion multicanal,True,anuncio,"[""CONT_LIC""]","[""tipo_servicios""]",0.98,"El texto contiene la frase ""Anuncio de licitación"" y especifica el objeto como un servicio (""Servicio de información multicanal"").",35.499,
68,boe,Anuncio de licitación de: Presidencia de la Confederación Hidrográfica del Ebro. Objeto: Mantenimiento de infraestructuras de la zona regable del Canal de Monegros y Canal del Cinca. Expediente: 011/25-S.,CONT_LIC,True,CONT_LIC,tipo_servicios,Licitacion mantenimiento infraestructuras zona regable,True,anuncio,"[""CONT_LIC""]","[""tipo_servicios""]",0.98,"El texto contiene la frase ""Anuncio de licitación"", lo que dispara directamente la etiqueta CONT_LIC. El objeto es el mantenimiento de infraestructuras, clasificándolo como un servicio.",37.855,
69,boe,Anuncio de licitación de: Mesa del Senado. Objeto: Obras de reforma de la sala Enrique Casas Vila del Senado. Expediente: 02/2025.,CONT_LIC,True,CONT_LIC,tipo_obras,Licitacion obras reforma sala Senado,True,anuncio,"[""CONT_LIC""]","[""tipo_obras""]",0.98,"La etiqueta CONT_LIC se dispara por la frase ""Anuncio de licitación"". El objeto es una obra de reforma, lo que determina la subcategoría tipo_obras.",37.367,
70,boe,"Anuncio de licitación de: Junta de Contratación del Ministerio de Cultura y Deporte. Objeto: Redacción del proyecto básico y de ejecución, estudio y coordinación de seguridad y salud y dirección de obra y de ejecución de las obras de consolidación y restauración de los jardines históricos y patio andaluz del Museo Sorolla de Madrid. Expediente: J240065.",CONT_LIC,True,CONT_LIC,tipo_servicios,Licitacion redaccion proyecto y direccion de obra: contrato de servicios,True,anuncio,"[""CONT_LIC""]","[""tipo_obras""]",0.98,"La descripción contiene la frase ""Anuncio de licitación"" y el objeto es claramente una obra (""restauración de los jardines históricos y patio andaluz"").",37.766,
71,boe,"Anuncio de licitación de: ADIF -Consejo de Administración. Objeto: Mantenimiento de las instalaciones de energía de tracción: línea aérea de contacto, telemando de energía, subestaciones, centros de autotransformación y sistemas asociados de LAV sur tramos: Madrid- Sevilla, La Sagra-Toledo, Córdoba-Málaga y Antequera-Granada. Expediente: 2.24/21506.0064.",CONT_LIC,True,CONT_LIC,tipo_servicios,Licitacion mantenimiento instalaciones energia traccion,True,anuncio,"[""CONT_LIC""]","[""tipo_servicios""]",0.98,"El texto contiene la frase ""Anuncio de licitación"", lo que dispara directamente la etiqueta CONT_LIC. El objeto es el mantenimiento de instalaciones técnicas (línea aérea de contacto, subestaciones), clasificándolo como un servicio.",41.834,
72,boe,Anuncio de licitación de: Jefatura de Asuntos Económicos del Mando de Personal. Objeto: AM. Suministro de gas propano y butano varios cas de Diaper periodo 2025-2026. Expediente: 2024/ETSAE0905/00007151E.,CONT_LIC,True,CONT_LIC,tipo_suministros,Licitacion AM suministro gas propano y butano,True,anuncio,"[""CONT_LIC""]","[""tipo_suministros""]",0.9,"El texto contiene la frase ""Anuncio de licitación"", lo que dispara CONT_LIC. El objeto es un suministro (""Suministro de gas propano y butano varios cas de Diaper""), por lo que se clasifica como suministros.",42.71,
73,boe,Anuncio de licitación de: ADIF Alta Velocidad - Consejo de Administración. Objeto: Realizacion de pruebas de infraestructura con material rodante de ancho estandar (1435) (4 lotes). Expediente: 3.24/20810.0048.,CONT_LIC,True,CONT_LIC,tipo_servicios,Licitacion pruebas de infraestructura con material rodante,True,anuncio,"[""CONT_LIC""]","[""tipo_servicios""]",0.95,"La descripción contiene la frase ""Anuncio de licitación"", lo que dispara directamente la etiqueta CONT_LIC. El objeto es la realización de pruebas de infraestructura con material rodante, lo cual se clasifica como un servicio.",40.052,
74,boe,"Anuncio de licitación de: Presidencia de la Agencia Estatal Consejo Superior de Investigaciones Científicas, M.P. Objeto: Servicio de vigilancia destinado a institutos y centros de la Agencia Estatal Consejo Superior de Investigaciones Científicas. Expediente: LOT31/25.",CONT_LIC,True,CONT_LIC,tipo_servicios,Licitacion servicio vigilancia,True,anuncio,"[""CONT_LIC""]","[""tipo_servicios""]",0.98,"Se identifica la fase como ""Anuncio de licitación"" y el objeto es un servicio (""Servicio de vigilancia""), lo que dispara CONT_LIC.",35.8,
75,boe,Anuncio de licitación de: Jefatura de Asuntos Económicos del Mando de Apoyo Logístico. Objeto: Apoyo al mantenimiento del VRCC Centauro del ET. Expediente: 2024/ETSAE0906/00002147EB.,CONT_LIC,True,CONT_LIC,tipo_servicios,Licitacion apoyo mantenimiento vehiculos,True,anuncio,"[""CONT_LIC""]","[""tipo_servicios""]",0.95,"El texto contiene la frase ""Anuncio de licitación"", lo que dispara directamente la etiqueta CONT_LIC. El objeto es el ""Apoyo al mantenimiento del VRCC Centauro del ET"", lo cual se clasifica como un servicio.",40.883,
76,bocm,"Convocatoria contrato
– Resolución de 3 de enero de 2025, de la Gerencia Asistencial de Atención Primaria del Servicio Madrileño de Salud, por la que se hace pública la convocatoria de licitación denominada “Servicio para la prevención y el control de la legionelosis en los centros de salud, consultorios locales y otros edificios dependientes de la Gerencia Asistencial de Atención Primaria del Servicio Madrileño de Salud”",CONT_LIC,True,CONT_LIC,tipo_servicios,Convocatoria licitacion servicio legionelosis,True,convocatoria,"[""CONT_LIC""]","[""tipo_servicios""]",0.98,"Se identifica la convocatoria mediante el texto ""convocatoria de licitación"" y se especifica el objeto del contrato en el título: ""Servicio para la prevención y el control de la legionelosis"".",41.603,
77,boe,"Anuncio de licitación de: Presidencia de la Agencia Estatal Consejo Superior de Investigaciones Científicas, M.P. Objeto: Redacción de proyecto, estudio de seguridad y salud (arquitecto o ingeniero) y ejecución de las obras de reforma integral de la Sala Blanca existente en la planta baja del edificio, y de las obras de reacondicionamiento de un laboratorio tipo BSL2 (Biosecurity Level-2) del Instituto de Micro y Nanotecnología, de la Agencia Estatal Consejo Superior de Investigaciones Científicas. Expediente: 33183/25.",CONT_LIC,True,CONT_LIC,"tipo_obras, tipo_servicios",Licitacion mixta redaccion proyecto y ejecucion obras,True,anuncio,"[""CONT_LIC""]","[""tipo_obras""]",0.98,"El texto contiene la frase ""Anuncio de licitación"" y el objeto describe claramente obras (""ejecución de las obras de reforma integral"", ""obras de reacondicionamiento"").",48.109,
78,boe,Anuncio de licitación de: TGSS-Dirección provincial de Zaragoza. Objeto: Retirada y depósito de bienes embargados por las Unidades de Recaudación Ejecutiva dependientes de la Dirección Provincial de la TGSS de Zaragoza. Expediente: 2025/500010.,CONT_LIC,True,CONT_LIC,tipo_servicios,Licitacion retirada y deposito bienes embargados,True,anuncio,"[""CONT_LIC""]","[""tipo_servicios""]",0.98,"La descripción contiene la frase ""Anuncio de licitación"", lo que dispara directamente la etiqueta CONT_LIC. El objeto es la retirada y depósito de bienes embargados, lo cual se clasifica como un servicio.",39.653,
79,boe,Anuncio de licitación de: Subdirección General de la Oficina Presupuestaria y Gestión Económica. Objeto: Asistencia técnica para la dinamización y evaluación de la Estrategia Estatal para un nuevo modelo de cuidados en la comunidad: un proceso de desinstitucionalización. Expediente: 242950PA0002.,CONT_LIC,True,CONT_LIC,tipo_servicios,Licitacion asistencia tecnica evaluacion estrategia,True,anuncio,"[""CONT_LIC""]","[""tipo_servicios""]",0.98,"La descripción contiene la frase ""Anuncio de licitación"", lo que dispara directamente la etiqueta CONT_LIC. El objeto es una asistencia técnica, clasificándolo como un servicio.",38.225,
80,boe,"Anuncio de licitación de: Jefatura de Asuntos Económicos de la Guardia Civil. Objeto: Contrato de un servicio continúo de descontaminación biológica, de los distintos equipos de dotación del Departamento de Biología y de Medio Ambiente del SECRIM que evite cualquiertipo de contaminación biológica que pueda influir y alterar negativamente en los resultados de los informes periciales de ADN incursos como prueba en los distintos procedimientos judiciales. Expediente: E/0140/A/24/2.",CONT_LIC,True,CONT_LIC,tipo_servicios,Licitacion servicio descontaminacion biologica,True,anuncio,"[""CONT_LIC""]","[""tipo_servicios""]",0.95,"El texto contiene la frase ""Anuncio de licitación"", lo que dispara directamente la etiqueta CONT_LIC. El objeto es un servicio continuo (""servicio continúo de descontaminación biológica"").",40.469,
81,boe,Anuncio de licitación de: ADIF - Presidencia. Objeto: Servicio mantenimiento instalaciones de combustible en ADIF 2025-2028. Expediente: 2.25/23108.0010.,CONT_LIC,True,CONT_LIC,tipo_servicios,Licitacion servicio mantenimiento instalaciones combustible,True,anuncio,"[""CONT_LIC""]","[""tipo_servicios""]",0.98,"La descripción contiene la frase ""Anuncio de licitación"", lo que dispara directamente la etiqueta CONT_LIC. El objeto es un servicio (""Servicio mantenimiento instalaciones de combustible""), por lo que se infiere tipo_servicios.",39.932,
82,boe,"Anuncio de licitación de: Secretaría de Estado de Medio Ambiente. Objeto: Proyecto de recuperación del bosque de ribera y eliminación de la especie invasora Arundo donax en el rio Mula desde el embalse de Los Rodeos hasta la confluencia con el río Segura, en el marco del Plan de Recuperación, Transformación y Resiliencia (PRTR). Expediente: P02.C05.I2.P02.S09.A06.01.",CONT_LIC,True,CONT_LIC,tipo_obras,Licitacion proyecto recuperacion bosque de ribera: actuacion de obra ambiental,True,convocatoria,"[""CONT_LIC""]","[""tipo_obras""]",0.98,"El texto contiene la frase ""Anuncio de licitación"", lo que dispara la etiqueta CONT_LIC. El objeto es un proyecto de recuperación y eliminación de especies invasoras, lo cual se clasifica como obras.",51.2,
83,boe,"Resolución de 12 de diciembre de 2024, de la Dirección General de Producción Agroalimentaria y Cooperativas de la Consejería de Agricultura, Ganadería y Desarrollo Rural, por la que se da publicidad a la solicitud de modificación del pliego de condiciones de la denominación de origen protegida «Uclés».",CONT_LIC,False,,,Pliego de condiciones de Denominacion de Origen Protegida: no es pliego contractual,False,resolución,[],[],0.98,"El texto menciona ""pliego de condiciones de la denominación de origen protegida"", lo cual está explícitamente excluido del dominio relevante según las reglas críticas.",40.097,
84,boe,Anuncio de licitación de: Jefatura de Asuntos Económicos del Mando de Apoyo Logístico. Objeto: Mantenimiento y adquisición de repuestos para instalaciones vehiculares tácticas. Expediente: 2025/ETSAE0906/00000080E.,CONT_LIC,True,CONT_LIC,"tipo_servicios, tipo_suministros",Licitacion mantenimiento y adquisicion repuestos,True,convocatoria,"[""CONT_LIC""]","[""tipo_servicios"", ""tipo_suministros""]",0.95,"El texto contiene la frase ""Anuncio de licitación"", lo que dispara CONT_LIC. El objeto es el mantenimiento y adquisición de repuestos, clasificándolo como servicios y suministros.",41.041,
85,boe,"Anuncio de licitación de: Dirección General de la Costa y el Mar. Objeto: Adaptación de la fachada marítima en el entorno de la playa Cerezo, T.M. Chilches (Castellón). Expediente: 12-0359.",CONT_LIC,True,CONT_LIC,tipo_obras,Licitacion adaptacion fachada maritima,True,anuncio,"[""CONT_LIC""]","[""tipo_obras""]",0.98,"El texto contiene la frase ""Anuncio de licitación"", lo que dispara directamente la etiqueta CONT_LIC. El objeto es una obra pública (""Adaptación de la fachada marítima""), por lo que se infiere tipo_obras.",40.664,
86,bocm,"Convocatoria contrato
– Anuncio de 7 de febrero de 2025, por el que se convoca la licitación para la contratación del “Servicio de reparación de bastidores de bogie de trenes de las Series 7000 y 9000” (expediente 6012500046)",CONT_LIC,True,CONT_LIC,tipo_servicios,Convocatoria licitacion reparacion bastidores,True,convocatoria,"[""CONT_LIC""]","[""tipo_servicios""]",0.98,"La descripción indica una ""licitación para la contratación del 'Servicio de reparación de bastidores de bogie de trenes'"", lo cual es un servicio y activa tipo_servicios.",48.374,
87,boe,"Anuncio de licitación de: ADIF - Presidencia. Objeto: Asistencia técnica para el control y vigilancia del contrato de ""Redacción de proyecto constructivo y ejecución de las obras de renovación de las instalaciones de seguridad de la línea 400. Tramo Peñalajo-Espeluy"". Expediente: 3.24/27507.0321.",CONT_LIC,True,CONT_LIC,tipo_servicios,Licitacion asistencia tecnica control y vigilancia de contrato de obras,True,anuncio,"[""CONT_LIC""]","[""tipo_obras"", ""tipo_servicios""]",0.98,"El texto contiene la frase ""Anuncio de licitación"", lo que dispara directamente la etiqueta CONT_LIC. El objeto describe claramente un proyecto de obra y asistencia técnica asociada a esa obra.",41.6,
88,boib,"Orden 5/2025, de 21 de febrero, por la que se modifica la Orden del consejero de Agricultura, Medio Ambiente y Territorio de 11 de abril de 2014 por la que se aprueba el pliego de condiciones y el reglamento de la Denominación de Origen Binissalem",CONT_LIC,False,,,Pliego de condiciones de Denominacion de Origen Binissalem: no contractual,False,orden,[],[],0.98,"El acto se refiere a la modificación del pliego de condiciones de una Denominación de Origen (DOP), lo cual está explícitamente excluido del dominio relevante según las reglas críticas.",45.955,
89,boe,Anuncio de licitación de: Gerencia de Atención Sanitaria del Instituto Nacional de Gestión Sanitaria en Ceuta. Objeto: Suministro de fungibles para la sala de extracciones del área de atención sanitaria de Ceuta. Expediente: PA/2024/057/GCE.,CONT_LIC,True,CONT_LIC,tipo_suministros,Licitacion suministro fungibles,True,anuncio,"[""CONT_LIC""]","[""tipo_suministros""]",0.98,"La etiqueta CONT_LIC se dispara por la frase ""Anuncio de licitación"". El objeto es un suministro, lo que determina la subcategoría tipo_suministros.",39.057,
90,boe,Anuncio de licitación de: Jefatura de la Sección Económico Administrativa 22 - Base Aérea de Torrejón (Agrupación de Base). Objeto: (2024AM9003) Acuerdo Marco para el Suministro y Fabricación de UCFAS equipo árido chaqueta polar. Expediente: 2024/EA22/00001478E.,CONT_LIC,True,CONT_LIC,tipo_suministros,Licitacion AM suministro y fabricacion vestuario,True,anuncio,"[""CONT_LIC""]","[""tipo_suministros""]",0.95,"La descripción contiene la frase ""Anuncio de licitación"", lo que dispara directamente la etiqueta CONT_LIC. El objeto es el ""Suministro y Fabricación de UCFAS equipo árido chaqueta polar"", lo cual corresponde a suministros.",43.126,
91,bocm,"Convocatoria contrato
– Anuncio de 4 de marzo de 2025, por el que se convoca la licitación para la contratación del servicio de reparación y puesta a punto de los trenes U7157/7158/7159/7160/7161/7162 y U7115/7116/7117/7118/7119/7120, de Metro de Madrid. (Expediente 6012500063)",CONT_LIC,True,CONT_LIC,tipo_servicios,Convocatoria licitacion reparacion trenes,True,convocatoria,"[""CONT_LIC""]","[""tipo_servicios""]",0.98,"El texto contiene la frase ""se convoca la licitación para la contratación del servicio"", lo que dispara CONT_LIC. El objeto es el ""servicio de reparación y puesta a punto de los trenes"", clasificándolo como tipo_servicios.",45.246,
92,boe,Anuncio de licitación de: Dirección de Adquisiciones del Mando de Apoyo Logístico del Ejército del Aire y del Espacio. Objeto: 20254021 Adquisición de un sistema C-UAS para Bases Aéreas. Expediente: 2025/EA02/00000200E.,CONT_LIC,True,CONT_LIC,tipo_suministros,Licitacion adquisicion sistema C-UAS,True,anuncio,"[""CONT_LIC""]","[""tipo_suministros""]",0.98,"El texto contiene la frase ""Anuncio de licitación"", lo que dispara directamente la etiqueta CONT_LIC. El objeto es la adquisición de un sistema C-UAS, lo cual se clasifica como suministros.",41.656,
93,boe,Anuncio de licitación de: ADIF - Presidencia. Objeto: Servicios para la redacción del proyecto de construcción para la renovación de la red ferroviaria de ancho métrico y la defensa contra inundaciones en el municipio de Zalla (Bizkaia). Expediente: 3.24/27506.0062.,CONT_LIC,True,CONT_LIC,tipo_servicios,Licitacion servicios redaccion proyecto ferroviario,True,anuncio,"[""CONT_LIC""]","[""tipo_servicios""]",0.98,"El texto contiene la frase ""Anuncio de licitación"", lo que dispara la etiqueta CONT_LIC. El objeto es la ""redacción del proyecto de construcción"", clasificándolo como un servicio (tipo_servicios).",47.376,
94,boe,Anuncio de licitación de: ADIF - Presidencia. Objeto: Consultoría y asistencia técnica para la actualización del proyecto constructivo de la nueva subestación eléctrica de tracción de Tolosa. Expediente: 3.24/27507.0263.,CONT_LIC,True,CONT_LIC,tipo_servicios,Licitacion consultoria actualizacion proyecto subestacion,True,anuncio,"[""CONT_LIC""]","[""tipo_servicios"", ""tipo_obras""]",0.98,"La descripción contiene la frase ""Anuncio de licitación"", lo que dispara directamente la etiqueta CONT_LIC. El objeto es una consultoría para un proyecto constructivo, por lo que se infiere el tipo de servicio y obra.",42.368,
95,boe,"Anuncio de formalización de contratos de: Junta de Contratación del Ministerio de Cultura y Deporte. Objeto: Redacción del proyecto básico y de ejecución, estudio de seguridad y salud, coordinación de seguridad y salud y dirección de obra y de ejecución de las obras de consolidación y restauración del edificio Varadero en la isla de Pinto, la Talaya de Binissermenya y las Torres de protección del arsenal en la estación naval de Mahón- Menorca. Expediente: J240038.",CONT_FOR,True,CONT_FOR,tipo_servicios,Formalizacion servicios redaccion proyecto y direccion de obras,True,anuncio,"[""CONT_FOR""]","[""tipo_obras""]",0.95,"La descripción menciona explícitamente ""Anuncio de formalización de contratos"" y el objeto es la dirección de obra y ejecución, lo que activa CONT_FOR.",39.077,
96,boe,Anuncio de formalización de contratos de: Jefatura de la Sección Económico Administrativa 15 Agrupación del Cuartel General del Ejército del Aire. Objeto: Acuerdo Marco Circuitos Culturales 2025. Expediente: 2024/EA15/00003121.,CONT_FOR,True,CONT_FOR,tipo_servicios,Formalizacion AM circuitos culturales,True,anuncio,"[""CONT_FOR""]","[""tipo_servicios""]",0.9,"La descripción menciona explícitamente ""Anuncio de formalización de contratos"", lo que dispara la etiqueta CONT_FOR. El objeto es un acuerdo marco, tratándolo como un contrato ordinario y no una concesión ni encomienda.",40.379,
97,boe,"Anuncio de formalización de contratos de: Intendencia de Madrid. Objeto: TA Servicio de carga, transporte, colocación y almacenaje fondo archivístico CGA. Expediente: 2024/AR21U/00002493E.",CONT_FOR,True,CONT_FOR,tipo_servicios,Formalizacion servicio carga transporte almacenaje,True,anuncio,"[""CONT_FOR""]","[""tipo_servicios""]",0.95,"La descripción menciona explícitamente ""Anuncio de formalización de contratos"". El objeto es un servicio específico (""Servicio de carga, transporte, colocación y almacenaje fondo archivístico CGA""), lo que dispara la categoría CONT_FOR sin necesidad de otras fases.",42.66,
98,boe,"Anuncio de formalización de contratos de: Instituto Nacional de Administración Pública (INAP). Objeto: Servicio de realización, corrección y calificación de las pruebas de nivel de inglés profesional TOEIC y de francés TFI. Expediente: 202500000007.",CONT_FOR,True,CONT_FOR,tipo_servicios,Formalizacion servicio pruebas de idiomas,True,anuncio,"[""CONT_FOR""]","[""tipo_servicios""]",0.98,"La descripción menciona explícitamente ""Anuncio de formalización de contratos"" y el objeto es un servicio específico (""Servicio de realización, corrección y calificación..."").",37.052,
99,bocm,"Formalización contrato
– Resolución de 9 de enero de 2025, de la Dirección-Gerencia del Hospital Clínico “San Carlos” de Madrid, por la que se dispone la publicación en los boletines oficiales y en el “perfil del contratante” de la formalización de la 4.a y 5.a prórroga del contrato para el «Servicio de tratamiento de Diálisis Peritoneal y Hemodiálisis domiciliaria para el Servicio de Nefrología del Hospital Clínico “San Carlos” de Madrid»",CONT_FOR,True,CONT_FOR,tipo_servicios,Formalizacion prorroga contrato dialisis: hereda CONT_FOR,True,resolución,"[""CONT_FOR""]","[""tipo_servicios""]",0.95,"Se trata de la ""formalización del contrato"" y el acto emisor es una ""Resolución"". El objeto es un servicio sanitario específico (""Servicio de tratamiento de Diálisis Peritoneal y Hemodiálisis domiciliaria"").",41.369,
100,boe,"Anuncio de formalización de contratos de: Subsecretaría de Asuntos Exteriores, Unión Europea y Cooperación. Objeto: OBR-24/007 Contrato de obras para la demolición del ala sur e inclusión de medidas de seguridad en el Hospital Español de Tánger. Expediente: 2024SXB00155002.",CONT_FOR,True,CONT_FOR,tipo_obras,Formalizacion contrato de obras demolicion,True,anuncio,"[""CONT_FOR""]","[""tipo_obras""]",0.98,"Se menciona explícitamente ""Anuncio de formalización de contratos"" y el objeto es un ""Contrato de obras"".",36.278,
101,boe,"Anuncio de formalización de contratos de: Gerencia de la Entidad Estatal de Derecho Público Trabajo Penitenciario y Formación para el Empleo, M.P. Objeto: Servicio de soporte técnico a la administración de sistemas, bases de datos y comunicaciones. Expediente: 2024/00070.",CONT_FOR,True,CONT_FOR,tipo_servicios,Formalizacion servicio soporte tecnico sistemas,True,anuncio,"[""CONT_FOR""]","[""tipo_servicios""]",0.95,"Se menciona explícitamente ""Anuncio de formalización de contratos"" y el objeto es un servicio técnico, lo que dispara CONT_FOR.",35.802,
102,boe,Anuncio de formalización de contratos de: Agencia Española de Protección de Datos. Objeto: Servicio de comunicaciones y de ciberseguridad para la Agencia Española de Protección de Datos. Expediente: EX20240077.,CONT_FOR,True,CONT_FOR,tipo_servicios,Formalizacion servicio comunicaciones y ciberseguridad,True,anuncio,"[""CONT_FOR""]","[""tipo_servicios""]",0.98,"La descripción menciona explícitamente ""Anuncio de formalización de contratos"" y el objeto es un servicio (""Servicio de comunicaciones y de ciberseguridad"").",36.705,
103,boe,Anuncio de formalización de contratos de: INSS-Dirección provincial de Toledo. Objeto: Servicio de limpieza de los locales adscritos a la Dirección Provincial del INSS en Toledo durante el periodo de 1 de enero de 2025 a 31 de diciembre de 2025. Expediente: 45/VC-207/24.,CONT_FOR,True,CONT_FOR,tipo_servicios,Formalizacion servicio limpieza,True,anuncio,"[""CONT_FOR""]","[""tipo_servicios""]",0.98,"Se menciona explícitamente ""Anuncio de formalización de contratos"" y el objeto es un servicio (""Servicio de limpieza"").",36.131,
104,bocm,"Formalización contrato
– Anuncio de 28 de enero de 2025, de formalización del contrato titulado “Servicio de soporte técnico para el mantenimiento de los sistemas de explotación en estaciones” (Expediente 6012400215)-[Contratos 7225000017 (lote 1); 7225000018 (lote 2); 7225000019 (lote 3)]",CONT_FOR,True,CONT_FOR,tipo_servicios,Formalizacion servicio soporte mantenimiento estaciones,True,anuncio,"[""CONT_FOR""]","[""tipo_servicios""]",0.95,"El texto anuncia la ""formalización del contrato titulado"", lo que dispara CONT_FOR. El objeto es un ""Servicio de soporte técnico para el mantenimiento..."", clasificándolo como servicio.",40.671,
105,boe,Anuncio de formalización de contratos de: Dirección de Gestión Económica de la Jefatura de Apoyo Logístico de la Armada. Objeto: SINFO- Contrato de aistencia técnica para el mantenimiento simuladores tácticos y de navegación de la Armada (SIMTAC-GALEON-SIMNAV). Expediente: 2024/AR40U/00001904E.,CONT_FOR,True,CONT_FOR,tipo_servicios,Formalizacion asistencia tecnica simuladores,True,anuncio,"[""CONT_FOR""]","[""tipo_servicios""]",0.95,"Se menciona explícitamente ""Anuncio de formalización de contratos"" y el objeto es un contrato técnico para mantenimiento.",36.141,
106,boe,Anuncio de formalización de contratos de: Junta de Contratación del Ministerio de Trabajo y Economía Social. Objeto: Servicio de soporte especializado de la plataforma EPP del Ministerio de Trabajo y Economía Social. Expediente: 10000621/2024.,CONT_FOR,True,CONT_FOR,tipo_servicios,Formalizacion servicio soporte plataforma EPP,True,anuncio,"[""CONT_FOR""]","[""tipo_servicios""]",0.95,"Se menciona explícitamente ""Anuncio de formalización de contratos"" y el objeto es un servicio (""Servicio de soporte especializado"").",35.131,
107,boe,Anuncio de formalización de contratos de: Dirección General de Tráfico. Objeto: Suministro en régimen de alquiler de módulos prefabricados para el destacamento provisional del Subsector de Tráfico de Huelva en el Rocío. Expediente: 1DGT2J000303.,CONT_FOR,True,CONT_FOR,tipo_suministros,Formalizacion suministro alquiler modulos prefabricados,True,anuncio,"[""CONT_FOR""]","[""tipo_suministros""]",0.95,"La descripción menciona explícitamente ""Anuncio de formalización de contratos"" y el objeto es un suministro en régimen de alquiler.",35.269,
108,boib,Formalización de contrato laboral categoría A2,CONT_FOR,False,,,Formalizacion de contrato laboral: RRHH no LCSP,False,otros,[],[],1.0,"La descripción se refiere a la ""Formalización de contrato laboral"", lo cual no es un acto de contratación pública (LCSP) y corresponde al ámbito de Recursos Humanos.",32.662,
109,boe,Anuncio de formalización de contratos de: Instituto Nacional de Estadística INE. Objeto: Recogida de datos de la Encuesta sobre Innovación de las empresas 2024 y las Estadísticas sobre Actividades en I+D 2024. Expediente: 2024N0059014.,CONT_FOR,True,CONT_FOR,tipo_servicios,Formalizacion recogida datos encuestas INE,True,anuncio,"[""CONT_FOR""]","[""tipo_servicios""]",0.95,"La descripción menciona explícitamente ""Anuncio de formalización de contratos"". El objeto es la recogida de datos y estadísticas, lo que se clasifica como un servicio.",38.726,
110,boe,"Anuncio de formalización de contratos de: Dirección General del Instituto de Mayores y Servicios Sociales. Objeto: Prestación de los servicios de reserva y ocupación de plazas en los Balnearios de Arnoia, Lobios y Laias para el programa de Termalismo del Imserso. Expediente: 887/2024.",CONT_FOR,True,CONT_FOR,tipo_servicios,Formalizacion servicios plazas balnearios Imserso,True,anuncio,"[""CONT_FOR""]","[""tipo_servicios""]",0.95,"Se menciona explícitamente ""Anuncio de formalización de contratos"". El objeto es la prestación de servicios (""servicios de reserva y ocupación""), lo que activa CONT_FOR sin necesidad de otras categorías contractuales complejas como concesión o licitación.",43.631,
111,boe,"Anuncio de formalización de contratos de: Subdirección General de Planificación y Gestión Económica. Objeto: Servicio de mantenimiento integral de las instalaciones en el Centro Penitenciario de A Lama (Pontevedra), CIS ""Carmen de Avendaño"" (Vigo) y UAR Hospital provincial (Pontevedra). Expediente: 020120240139.",CONT_FOR,True,CONT_FOR,tipo_servicios,Formalizacion mantenimiento integral centros penitenciarios,True,anuncio,"[""CONT_FOR""]","[""tipo_servicios""]",0.95,"La descripción menciona explícitamente ""Anuncio de formalización de contratos"" y el objeto es un servicio específico (""Servicio de mantenimiento integral"").",37.298,
112,boe,Anuncio de formalización de contratos de: TGSS-Dirección provincial de Alicante. Objeto: Servicios de peonaje y transporte para la Tesorería General de la Seguridad Social de Alicante. Expediente: 2024/030034.,CONT_FOR,True,CONT_FOR,tipo_servicios,Formalizacion servicios peonaje y transporte,True,anuncio,"[""CONT_FOR""]","[""tipo_servicios""]",0.95,"La descripción menciona explícitamente ""Anuncio de formalización de contratos"". El objeto es un servicio (""Servicios de peonaje y transporte""), lo que activa CONT_FOR sin necesidad de otras categorías contractuales complejas.",45.039,
113,boe,"Anuncio de formalización de contratos de: Subdirección General de Planificación y Gestión Económica. Objeto: Suministros de Gasóleo ""A"" a los establecimientos penitenciarios dependientes de la Secretaría General de Instituciones Penitenciarias en la Comunidad Autónoma de Canarias . Expediente: 02012024AM04.",CONT_FOR,True,CONT_FOR,tipo_suministros,Formalizacion suministro gasoleo,True,anuncio,"[""CONT_FOR""]","[""tipo_suministros""]",0.95,"La descripción menciona explícitamente ""Anuncio de formalización de contratos"" y el objeto es un suministro específico (""Suministros de Gasóleo 'A'"").",39.028,
114,boe,"Anuncio de formalización de contratos de: Dirección del Instituto Nacional de Gestión Sanitaria (INGESA). Objeto: Suministro de tres desfibriladores externos semiautomáticos (DESA), mediante el sistema de arrendamiento financiero (renting) sin opción de compra con destino alEdificio c/ Alcalá nº 56 de Madrid. Expediente: PASA 2024/093.",CONT_FOR,True,CONT_FOR,tipo_suministros,Formalizacion suministro desfibriladores en renting,True,anuncio,"[""CONT_FOR""]","[""tipo_suministros""]",0.98,"La descripción menciona explícitamente ""Anuncio de formalización de contratos"". El objeto es el suministro de bienes (DESA), lo cual se clasifica como un contrato ordinario y no una concesión.",41.404,
115,boe,Anuncio de formalización de contratos de: Intendente de Ferrol. Objeto: Sostenimiento de actuadores de válvulas motorizadas y sus accesorios. Expediente: 2024/AR42U/00002890E.,CONT_FOR,True,CONT_FOR,tipo_servicios,Formalizacion sostenimiento actuadores valvulas,True,anuncio,"[""CONT_FOR""]","[""tipo_servicios""]",0.95,"La descripción menciona explícitamente ""Anuncio de formalización de contratos"". El objeto es el ""Sostenimiento de actuadores de válvulas motorizadas y sus accesorios"", lo que corresponde a un servicio.",39.351,
116,boe,Anuncio de formalización de contratos de: Mutualidad General Judicial MUGEJU. Objeto: Concierto de la Mutualidad General Judicial con entidades de seguro para el aseguramiento del acceso a la asistencia sanitaria en territorio nacional a los beneficiarios de la misma durante 2025-2026. Expediente: 2024_001 CONC SANIT 25 26.,CONT_FOR,True,CONT_FOR,tipo_servicios,Formalizacion concierto sanitario MUGEJU con aseguradoras,True,anuncio,"[""CONT_FOR""]","[""tipo_servicios""]",0.9,"La descripción menciona explícitamente ""Anuncio de formalización de contratos"", lo que dispara la etiqueta CONT_FOR. El objeto trata sobre el aseguramiento sanitario, lo cual es un servicio público y se enmarca dentro del ámbito de contratación pública (LCSP).",43.889,
117,boe,"Anuncio de formalización de contratos de: Jefatura de Intendencia de Asuntos Económicos Sur. Objeto: Suministro de material por lotes para el Centro de Operaciones de Artillería de Costa del RACTA 4 Tarifa, Cádiz. Expediente: 2024/ETSAE0226/00009214E.",CONT_FOR,True,CONT_FOR,tipo_suministros,Formalizacion suministro material por lotes,True,anuncio,"[""CONT_FOR""]","[""tipo_suministros""]",0.95,"La descripción menciona explícitamente ""Anuncio de formalización de contratos"" y el objeto es un ""Suministro de material"", lo que dispara CONT_FOR y la subcategoría tipo_suministros.",42.425,
118,boe,"Anuncio de formalización de contratos de: Subdirección General de Gestión Económica. Objeto: Suministro de libros para las bibliotecas centrales del Ministerio de la Presidencia, Justicia y Relaciones con las Cortes y para la Biblioteca de la Secretaría de Estado de Comunicación . Expediente: 0MPR20240224.",CONT_FOR,True,CONT_FOR,tipo_suministros,Formalizacion suministro libros bibliotecas,True,anuncio,"[""CONT_FOR""]","[""tipo_suministros""]",0.95,"La descripción menciona explícitamente ""Anuncio de formalización de contratos"". El objeto es el ""Suministro de libros"", lo que clasifica la fase como formalización y el tipo de prestación como suministros.",41.874,
119,boca,"Dirección General de la Función Pública.- Resolución de 15 de marzo de 2025, por la que se acuerda la formalización de contrato de trabajo de personal laboral fijo con las personas aspirantes seleccionadas en las pruebas selectivas para el ingreso, por el sistema general de acceso libre, en la categoría profesional de Director/a de Residencia (Grupo I), en ejecución del Anexo II del Decreto 115/2022, de 20 de mayo, por el que se aprueba la Oferta Extraordinaria de Empleo Público para la estabilización del empleo temporal e indefinido no fijo de larga duración en el ámbito de la Administración General de la Comunidad Autónoma de Canarias, convocadas por Resolución de 21 de diciembre de 2022, se les adjudica puesto de trabajo y se les confiere plazo para la toma de posesión.",CONT_FOR,False,,,Formalizacion contrato de trabajo personal laboral fijo: RRHH,False,resolución,[],[],1.0,"El acto se refiere a la formalización de contrato de trabajo y adjudicación de puestos de trabajo (""se les adjudica puesto de trabajo""). Esto corresponde a RRHH y no es relevante para el dominio LCSP.",50.701,
120,boe,Anuncio de formalización de contratos de: Dirección General de Carreteras. Objeto: 33-LE-4630; 54.450/24 Paso inferior del enlace de La Granja en la LE-20. Provincia de León. Expediente: B54242446300.,CONT_FOR,True,CONT_FOR,tipo_obras,Formalizacion obras paso inferior carretera,True,anuncio,"[""CONT_FOR""]","[""tipo_obras""]",0.98,"La descripción menciona explícitamente ""Anuncio de formalización de contratos"", lo que dispara la etiqueta CONT_FOR. El objeto se refiere a una obra pública específica (""Paso inferior del enlace de La Granja en la LE-20""), confirmando su relevancia en el ámbito LCSP.",55.826,
121,boe,Anuncio de formalización de contratos de: Intendente de Ferrol. Objeto: Suministro de una ambulancia soporte vital avanzado (SVA) para el Parque de Automóviles núm. 2 de Ferrol. Expediente: 2024/AR42U/00003042E.,CONT_FOR,True,CONT_FOR,tipo_suministros,Formalizacion suministro ambulancia,True,anuncio,"[""CONT_FOR""]","[""tipo_suministros""]",0.95,"La descripción menciona explícitamente ""Anuncio de formalización de contratos"". El objeto es un suministro específico (""Suministro de una ambulancia soporte vital avanzado (SVA)""), lo que clasifica el acto como la formalización de un contrato.",42.483,
122,boe,"Anuncio de formalización de contratos de: Parque Móvil del Estado. Objeto: Servicio para la realización de reconocimientos ginecológicos preventivos para el personal femenino del Parque Móvil del Estado, O.A. Expediente: 2024PR400097.",CONT_FOR,True,CONT_FOR,tipo_servicios,Formalizacion servicio reconocimientos medicos,True,anuncio,"[""CONT_FOR""]","[""tipo_servicios""]",0.95,"La descripción menciona explícitamente ""Anuncio de formalización de contratos"". El objeto es un servicio específico (""Servicio para la realización de reconocimientos ginecológicos preventivos"").",38.038,
123,boe,Anuncio de formalización de contratos de: Gerencia de Informática de la Seguridad Social. Objeto: Servicio de mantenimiento del equipamiento físico del sistema para la sala de control. Expediente: 2024/7021.,CONT_FOR,True,CONT_FOR,tipo_servicios,Formalizacion mantenimiento equipamiento sala control,True,anuncio,"[""CONT_FOR""]","[""tipo_servicios""]",0.95,"La descripción menciona explícitamente ""Anuncio de formalización de contratos"" y el objeto es un servicio (""Servicio de mantenimiento del equipamiento físico del sistema para la sala de control"").",37.247,
124,boe,Anuncio de formalización de contratos de: Presidencia de la Confederación Hidrográfica del Guadalquivir. Objeto: Contrato de servicios para limpieza en el edificio sede de la Confederación Hidrográfica del Guadalquivir sito en avenida de República Argentina nº 43 de Sevilla. Expediente: SE(SG)-7145.,CONT_FOR,True,CONT_FOR,tipo_servicios,Formalizacion contrato servicios limpieza CHG,True,anuncio,"[""CONT_FOR""]","[""tipo_servicios""]",0.98,"Se menciona explícitamente ""Anuncio de formalización de contratos"" y el objeto es un ""Contrato de servicios"".",35.824,
125,dogc,Anuncio sobre aprobación de la primera oferta de empleo público parcial del Consejo Comarcal de El Pla de l'Estany para el ejercicio 2025,NEGATIVO,False,,,Oferta de empleo publico: RRHH,False,anuncio,[],[],1.0,"El texto menciona ""oferta de empleo público"", lo cual corresponde a la adjudicación de plazas o puestos de personal (RRHH).",36.777,
126,dogc,"Edicto relativo a las bases específicas y la convocatoria del proceso selectivo de dos plazas de cabo de la Guardia Urbana en el Ayuntamiento de Cornellà de Llobregat, por el sistema de concurso-oposición por promoción interna, y la creación de una bolsa para la cobertura de plazas vacantes por el procedimiento de tramitación de urgencia",NEGATIVO,False,,,Bases proceso selectivo Guardia Urbana: RRHH,False,edicto,[],[],0.98,"El texto se refiere a la convocatoria de un proceso selectivo para plazas de personal (""dos plazas de cabo de la Guardia Urbana"") mediante concurso-oposición y tramitación de urgencia. Esto corresponde a adjudicaciones de puestos o destinos de personal (RRHH).",51.896,
127,dogc,"Resolución PRE/857/2025, de 9 de marzo, por la que se aprueba y se publica la lista provisional de personas aspirantes admitidas y excluidas del proceso selectivo de nuevo acceso, mediante el sistema selectivo de concurso oposición, de una plaza de la categoría profesional de A1 médico/a de medicina del trabajo, en régimen de personal laboral fijo, del Departamento de la Presidencia (convocatoria núm. PRE/L001/2025)",NEGATIVO,False,,,Lista admitidos proceso selectivo: RRHH,False,resolución,[],[],1.0,El texto se refiere a la aprobación y publicación de una lista provisional de aspirantes admitidos/excluidos para un proceso selectivo de plaza laboral fija. Esto corresponde a RRHH.,44.335,
128,bon,Aprobación inicial del presupuesto de 2025,NEGATIVO,False,,,Presupuesto municipal,False,otros,[],[],0.98,"La descripción se refiere a la ""Aprobación inicial del presupuesto de 2025"", lo cual cae en el ámbito de presupuestos y ayudas, excluido por las reglas críticas.",39.494,
129,boib,"Notificación de Resolución de concesión de prórroga a los beneficiarios de las ayudas, exp. 137 de fecha 08 de enero de 2025, al amparo de la Resolución del Presidente del Fondo de Garantía Agraria y Pesquera de las Islas Baleares (FOGAIBA), de 17 de diciembre de 2021 , por la que se convocan subvenciones para inversiones en las explotaciones agrarias, para el año 2021",NEGATIVO,False,,,Prorroga a beneficiarios de subvenciones: dominio B3,False,notificación,[],[],0.98,"El texto se refiere a la ""Notificación de Resolución de concesión de prórroga a los beneficiarios de las ayudas"" y menciona explícitamente que se trata de ""subvenciones para inversiones"", lo cual está fuera del ámbito LCSP.",58.9,
130,boc,"Resolución por la que se hace pública la relación de aspirantes que han superado las pruebas selectivas para el acceso, mediante el procedimiento de concurso-oposición para la estabilización de empleo temporal, a la condición de personal estatutario fijo en la categoría de Técnico/a Superior Especialista de Laboratorio de Instituciones Sanitarias de la Comunidad Autónoma de Cantabria, convocada mediante la Orden SAN/80/2022, de 29 de diciembre, y plazas ofertadas.",NEGATIVO,False,,,Aspirantes pruebas selectivas: RRHH,False,resolución,[],[],1.0,El texto se refiere a la publicación de aspirantes que han superado pruebas selectivas para el acceso a una condición de personal estatutario fijo mediante concurso-oposición. Esto corresponde a adjudicación de plazas o puestos de personal (RRHH).,55.641,
131,boc,Aprobación inicial y exposición pública del presupuesto general de 2024.,NEGATIVO,False,,,Presupuesto general,False,información_pública,[],[],1.0,"El texto se refiere a la ""Aprobación inicial y exposición pública del presupuesto general de 2024"", lo cual es un acto presupuestario que no forma parte del ámbito de contratación pública (LCSP).",36.593,
132,docm,"Resolución de 24/01/2025, de la Delegación Provincial de Desarrollo Sostenible de Albacete, por la que se emite el informe ambiental estratégico del plan o programa: Modificación Puntual número 20 del Plan de Ordenación Municipal de Villamalea (regulación del uso granja/instalación ganadera en el suelo rústico) (expediente PLA-AB-24-0042), situado en el término municipal de Villamalea (Albacete), cuyo órgano promotor es Ayuntamiento de Villamalea.",NEGATIVO,False,,,Informe ambiental estrategico de modificacion de POM: dominio B0/B2,False,resolución,[],[],1.0,"El acto se refiere a la emisión de un informe ambiental estratégico para una modificación puntual de un Plan de Ordenación Municipal (planeamiento urbanístico), lo cual no corresponde a los actos de contratación pública regulados por la LCSP.",49.532,
133,bopv,"RESOLUCIÓN 1048/2024, de 11 de diciembre, de la Directora de Recursos Humanos de Osakidetza-Servicio vasco de salud, por la que se hace pública la convocatoria para la provisión, mediante el sistema de libre designación, del puesto de Jefe/a de Sección de Proyectos Corporativos de la Dirección Económico-Financiera, en la Subdirección de Infraestructuras, en el Servicio de Instalaciones y Equipamientos de la Dirección General de Osakidetza-Servicio vasco de salud.
				
2025/00091",NEGATIVO,False,,,Provision puesto libre designacion: RRHH,False,resolución,[],[],1.0,"El acto se refiere a la convocatoria para la provisión de un puesto de trabajo (""puesto de Jefe/a de Sección...""), lo cual corresponde a una adjudicación de plaza o destino de personal (RRHH).",48.732,
134,boe,"Resolución de 4 de marzo de 2025, de la Secretaría de Estado de Derechos Sociales, por la que se publica la Adenda de modificación del Convenio con la Comunidad Autónoma de las Illes Balears, para la ejecución de proyectos con cargo a los fondos europeos procedentes del Mecanismo para la Recuperación y Resiliencia.",NEGATIVO,False,,,Adenda de convenio fondos MRR: convenio interadministrativo,False,resolución,[],[],0.98,"El acto se refiere a una ""Adenda de modificación del Convenio"" para la ejecución de proyectos con fondos europeos. Los convenios interadministrativos sin mención explícita de encomienda o encargo no son relevantes según las reglas críticas.",49.397,
135,bon,Aprobación inicial de modificación de Estudio de Detalle en la parcela U.13.22 de Gorraiz,NEGATIVO,False,,,Estudio de detalle: dominio B2,False,aprobación,[],[],0.95,"La descripción se refiere a la ""Aprobación inicial de modificación de Estudio de Detalle"", lo cual es un acto urbanístico o de planeamiento territorial y no corresponde a ninguna fase de contratación pública (licitación, formalización, adjudicación, etc.).",47.843,
136,dogc,Anuncio sobre aprobación definitiva del Proyecto de obras de renovación de la torre de telecomunicaciones,NEGATIVO,False,,,Aprobacion proyecto de obras: acto tecnico previo no licitacion,True,anuncio,"[""CONT_LIC""]","[""tipo_obras""]",0.85,"El anuncio trata sobre un ""Proyecto de obras"", lo que implica una fase previa a la contratación o licitación. Aunque no usa las frases exactas, se interpreta como el inicio del proceso contractual para obras.",37.772,
137,boja,"Anuncio de 13 de marzo de 2025, de la Delegación Territorial de Agricultura, Pesca, Agua y Desarrollo Rural en Sevilla, sobre trámites de los procedimientos sancionadores que se citan.",NEGATIVO,False,,,Procedimientos sancionadores agrarios,False,otros,[],[],0.98,"El texto hace referencia a ""trámites de los procedimientos sancionadores"", lo cual es un ámbito administrativo general y no se relaciona con las fases específicas de contratación pública (licitación, formalización, adjudicación, etc.).",44.254,
138,boja,"Anuncio de 4 de marzo de 2025, de la Delegación Territorial de Fomento, Articulación del Territorio y Vivienda en Córdoba, mediante el que se publica la resolución por la que se declara la finalización del procedimiento por fallecimiento del solicitante relativa a Ayudas para el alquiler de vivienda habitual a personas en situación de especial vulnerabilidad, con ingresos limitados y a jóvenes, en la Comunidad Autónoma de Andalucía.",NEGATIVO,False,,,Ayudas alquiler vivienda: dominio B3,False,resolución,[],[],0.98,"El acto se refiere a la declaración de finalización de un procedimiento relativo a ""Ayudas para el alquiler de vivienda habitual"", lo cual cae en la categoría de subvenciones o ayudas económicas y no es un acto de contratación pública (LCSP).",40.997,
139,dogv,"RESOLUCIÓN de 20 de enero de 2025, del Rectorado, por la que se convoca un proceso selectivo para la contratación indefinida de personal de investigación de la categoría de personal tecnólogo superior para colaborar con la línea de investigación financiada «Control de calidad y seguridad de (bio)combustibles». Referencia: I-PAS-13/25.",NEGATIVO,False,,,Proceso selectivo contratacion personal investigacion: RRHH,False,resolución,[],[],0.98,"El texto se refiere a la convocatoria de un proceso selectivo para la contratación indefinida de personal (personal tecnólogo superior). Esto corresponde a adjudicación de plazas o puestos de personal, lo cual está excluido del dominio LCSP.",45.953,
140,boe,FUENGIROLA,NEGATIVO,False,,,Toponimo sin contenido,False,otros,[],[],0.2,"La descripción proporcionada (""FUENGIROLA"") no contiene ninguna información sobre actos de contratación pública (licitaciones, contratos, etc.).",38.251,
141,bor,"Aprobación inicial de la modificación puntual 1/2024 del Plan General Municipal, de cambio de calificación de la parcela situada en calle Real 71, de casco tradicional a dotacional público",NEGATIVO,False,,,Modificacion puntual PGM: dominio B2,False,modificación,[],[],0.98,"El acto trata sobre la ""Aprobación inicial de la modificación puntual... del Plan General Municipal"", lo cual es un procedimiento de planificación urbanística y no se enmarca en las fases de contratación pública (licitación, formalización, adjudicación, etc.).",47.754,
142,bon,Aprobación definitiva de modificación de varios artículos del Plan municipal,NEGATIVO,False,,,Plan municipal: dominio B2,False,otros,[],[],0.98,"La descripción se refiere a la ""Aprobación definitiva de modificación de varios artículos del Plan municipal"", lo cual es un acto de planificación urbanística y no entra en el ámbito de contratación pública (LCSP).",41.296,
143,boe,Anuncio de la Agencia Vasca del Agua sobre la información pública de una solicitud de autorización en el término municipal de Atxondo (Bizkaia).,NEGATIVO,False,,,Autorizacion en materia de aguas: dominio B1,False,información_pública,[],[],0.95,El acto se refiere a una solicitud de autorización administrativa general y no está relacionado con la contratación pública regulada por el LCSP.,39.064,
144,bon,Aprobación inicial de presupuesto de 2025,NEGATIVO,False,,,Presupuesto municipal,False,otros,[],[],0.98,"La descripción se refiere a la ""Aprobación inicial de presupuesto de 2025"", lo cual es un acto presupuestario y no entra en el ámbito de contratación pública (LCSP).",33.757,
145,dogv,"RESOLUCIÓN de 31 de enero de 2025, de la Dirección General de Administración Local, por la cual se corrige un error en el anexo III de la Resolución de 11 de octubre de 2024, por la que se procede a la publicación de las bases y convocatorias del concurso ordinario del año 2024 para la provisión de puestos de trabajo reservados al personal funcionario de Administración local con habilitación nacional.",NEGATIVO,False,,,Correccion bases concurso provision puestos funcionarios: RRHH,False,resolución,[],[],1.0,"El acto se refiere a la publicación de bases y convocatorias para la provisión de puestos de trabajo reservados al personal funcionario, lo cual corresponde a adjudicaciones de plazas o puestos (RRHH).",45.006,
146,boib,"Propuesta de resolución provisional del director general de Energía y Cambio Climático por la cual se deniegan subvenciones para la realización de instalaciones de autoconsumo con fuentes de energía renovable, con o sin almacenamiento, y la incorporación de almacenamiento en instalaciones de autoconsumo con fuentes de energía ya existentes, en el sector residencial, las administraciones públicas y el tercer sector, en el marco del Plan de Recuperación, Transformación y Resiliencia europeo (programas 4 y 5) NEXTG45",NEGATIVO,False,,,Denegacion subvenciones autoconsumo: dominio B3,False,resolución,[],[],0.98,"El acto trata sobre la denegación de subvenciones para instalaciones de autoconsumo y almacenamiento energético, lo cual cae en el ámbito de ayudas o subvenciones, excluido del dominio LCSP según las reglas críticas.",45.496,
147,boe,"Resolución de 6 de marzo de 2025, de la Dirección General de Carreteras, por la que se publica el Convenio con el Ayuntamiento de Picanya, relativo a las actuaciones en materia de infraestructura viaria para hacer frente a los daños causados por la depresión aislada en niveles altos, DANA, entre el 28 de octubre y el 4 de noviembre de 2024.",NEGATIVO,False,,,Convenio interadministrativo infraestructura viaria DANA,True,convenio,"[""CONT_ENC""]","[""tipo_obras""]",0.9,"El acto se refiere a un ""Convenio... relativo a las actuaciones en materia de infraestructura viaria"", lo que implica una gestión o colaboración sobre obras públicas, clasificándolo como encomienda de gestión (CONT_ENC).",40.542,
148,bor,Solicitud de licencia conjunta ambiental y de obras para peluquería de mascotas,NEGATIVO,False,,,Licencia ambiental y de obras: dominio B2,False,otros,[],[],0.98,"El acto se refiere a una ""Solicitud de licencia conjunta ambiental y de obras"", lo cual es un trámite administrativo general (licencias), no un acto de contratación pública regulado por la LCSP.",41.471,
149,dog,"EXTRACTO de la Orden de 12 de febrero de 2025 por la que se establecen las bases reguladoras para la concesión de ayudas para proyectos al amparo de las estrategias de desarrollo local participativo (EDLP), aprobadas a los grupos de acción local del sector pesquero (GALP) en el marco del Fondo Europeo Marítimo, de Pesca y de Acuicultura 2021-2027, y se convocan las correspondientes al año 2025 (código de procedimiento PE155A).",NEGATIVO,False,,,Bases y convocatoria ayudas GALP: dominio B3,False,orden,[],[],0.98,"El texto se refiere a la ""concesión de ayudas para proyectos"" y su financiación mediante el Fondo Europeo Marítimo, lo cual encaja en la categoría de subvenciones o ayudas, que está excluida del dominio LCSP según las reglas críticas.",50.505,
