id,bulletin,description,grupo_muestreo,act_type_n1,is_relevant_gt,procedures_gt,technologies_gt,is_relevant_pred,act_type_pred,procedures_pred,technologies_pred,confidence,reasoning,duration_s
0,bocyl,"RESOLUCIÓN de 3 de febrero de 2025, del Servicio Territorial de Industria, Comercio y Economía de Valladolid, dictada por delegación, por la que se concede la autorización administrativa previa y autorización administrativa de construcción de una instalación de distribución eléctrica, en el término municipal de Villalón de Campos (Valladolid). Expte.: AT-51585 (ATLI-51585).",AAC,resolución,True,"AAP,AAC",línea_eléctrica,True,resolución,"[""AAP"", ""AAC""]","[""línea_eléctrica""]",0.98,"El texto menciona explícitamente ""autorización administrativa previa"" → AAP y ""autorización administrativa de construcción"" → AAC. La instalación es de ""distribución eléctrica"", lo que encaja con la tecnología ""línea_eléctrica"".",77.303
1,boe,"Resolución de 24 de febrero de 2025, de la Dirección General de Política Energética y Minas, por la que se otorga a Red Eléctrica de España, SAU, autorización administrativa previa y autorización administrativa de construcción de la línea aérea de transporte de energía eléctrica a 400 kV, doble circuito, de entrada y salida en la subestación Torrejón de Velasco, de la línea eléctrica a 400 kV Morata-Villaviciosa, en Torrejón de Velasco (Madrid), y se declara, en concreto, la utilidad pública.",AAC,resolución,True,"AAP,AAC,DUP",línea_eléctrica,True,resolución,"[""AAP"", ""AAC"", ""DUP""]","[""línea_eléctrica""]",0.98,"La descripción menciona ""autorización administrativa previa"" (AAP), ""autorización administrativa de construcción"" (AAC) y ""se declara... la utilidad pública"" (DUP). La tecnología es claramente ""línea eléctrica"" por el contexto de transporte de energía a 400 kV.",64.143
2,bon,"Información pública de la solicitud de autorización administrativa previa, autorización administrativa de construcción y declaración de impacto ambiental de la ""planta fotovoltaica de autoconsumo hibridado con la planta de cogeneración de Viscofán de 45,045 MW de potencia instalada"" y su infraestructura de evacuación",AAC,información_pública,True,"AAP,AAC,DIA","fotovoltaica,hibridación",True,anuncio,"[""AAP"", ""AAC"", ""DIA""]","[""fotovoltaica"", ""hibridación""]",0.98,"Es un anuncio de información pública que menciona ""solicitud de autorización administrativa previa"" (AAP), ""autorización administrativa de construcción"" (AAC) y ""declaración de impacto ambiental"" (DIA). El fragmento técnico es una ""planta fotovoltaica... hibridado"" lo que activa las etiquetas correspondientes.",55.106
3,docm,"Resolución de 22/10/2024, de la Delegación Provincial de Desarrollo Sostenible de Guadalajara, por la que se otorga a UFD Distribución Electricidad, SA, la autorización administrativa previa y autorización administrativa de construcción del proyecto con título: Proyecto para PS entronque en media tensión. Término municipal de Auñón (Guadalajara). Número de expediente 2023DIST023.",AAC,resolución,True,"AAP,AAC",línea_eléctrica,True,resolución,"[""AAP"", ""AAC""]","[""línea_eléctrica""]",0.98,"El texto menciona explícitamente ""autorización administrativa previa"" (AAP) y ""autorización administrativa de construcción"" (AAC). Además, el proyecto es una ""PS entronque en media tensión"", lo que indica claramente la tecnología ""línea_eléctrica"".",51.853
4,boa,"RESOLUCIÓN de 9 de abril de 2024, de la Directora General de Energía y Minas, por la que se otorga la autorización administrativa previa y autorización de construcción de la planta fotovoltaica ""Ancar II"" en el término municipal de Alfambra (Teruel).",AAC,resolución,True,"AAP,AAC",fotovoltaica,True,resolución,"[""AAP"", ""AAC""]","[""fotovoltaica""]",0.98,"El texto menciona explícitamente ""autorización administrativa previa y autorización de construcción"" → [AAP, AAC]. Además se nombra la planta fotovoltaica → tecnología fotovoltaica.",46.309
5,docm,"Resolución de 12/03/2025, de la Delegación Provincial de Desarrollo Sostenible de Toledo, de autorización administrativa previa y autorización administrativa de construcción de instalación eléctrica de alta tensión con número de expediente: E-45211122377 corresponde I.",AAC,resolución,True,"AAP,AAC",línea_eléctrica,True,resolución,"[""AAP"", ""AAC""]","[""línea_eléctrica""]",0.98,"La descripción menciona explícitamente ""autorización administrativa previa"" (AAP) y ""autorización administrativa de construcción"" (AAC). El proyecto es una ""instalación eléctrica de alta tensión"", lo que corresponde a la tecnología ""línea_eléctrica"".",50.545
6,bocyl,"INFORMACIÓN pública relativa a la solicitud de autorización administrativa previa y autorización administrativa de construcción de una instalación solar fotovoltaica y su instalación de evacuación, en el término municipal de San Marcial-El Perdigón (Zamora). Expte.: 9158 PSFV El Cerrojo - ITX.",AAC,información_pública,True,"AAP,AAC",fotovoltaica,True,información_pública,"[""AAP"", ""AAC""]","[""fotovoltaica""]",0.98,"El texto menciona explícitamente la solicitud de ""autorización administrativa previa"" (AAP) y ""autorización administrativa de construcción"" (AAC). Además, se identifica la tecnología como solar fotovoltaica. Se trata de un anuncio de información pública sobre una solicitud, que según las reglas es relevante.",52.188
7,bon,"RESOLUCIÓN 167/2024, de 10 de diciembre, de la directora general de Energía, I+D+i empresarial y Emprendimiento, por la que se deniega la autorización administrativa previa, y la autorización administrativa de construcción y declaración, en concreto, de utilidad pública para la instalación de producción de energía eléctrica denominada planta solar fotovoltaica ""Tafalla Polux"", en término municipal de Tafalla.",AAC,resolución,True,"AAP,AAC,DUP",fotovoltaica,True,resolución,"[""AAP"", ""AAC"", ""DUP""]","[""fotovoltaica""]",0.95,"El texto menciona explícitamente ""autorización administrativa previa"" (AAP), ""autorización administrativa de construcción"" (AAC) y ""declaración... de utilidad pública"" (DUP). Además, se identifica la tecnología por ""planta solar fotovoltaica"".",51.06
8,boe,"Anuncio de los Servicios Territoriales en Tarragona del Departamento de Territorio, Vivienda y Transición Ecológica de la Generalitat de Cataluña por el que se somete a información pública la solicitud de modificación de la autorización administrativa previa, la autorización administrativa de construcción y la declaración de utilidad pública del Proyecto de la línea eléctrica de evacuación de la planta solar fotovoltaica llamada PS AENA Aeroport Reus de 12,5 MW sobre terreno en suelo no urbanizable, en el término municipal de Reus, en la comarca del Baix Camp. (Expte.FUE-2020-02168847, RAC-02530, RIPRE-02530).",AAC,anuncio,True,"AAP,AAC,DUP","fotovoltaica,línea_eléctrica",True,anuncio,"[""AAP"", ""AAC"", ""DUP""]","[""fotovoltaica"", ""línea_eléctrica""]",0.98,"""Anuncio... sobre información pública de la solicitud de modificación de la autorización administrativa previa, la autorización administrativa de construcción y la declaración de utilidad pública"". ""autorización administrativa previa"" → AAP. ""autorización administrativa de construcción"" → AAC. ""declaración de utilidad pública"" → DUP. Se menciona ""planta solar fotovoltaica"" y ""línea eléctrica"".",67.728
9,boe,"Resolución de 27 de enero de 2025, de la Dirección General de Política Energética y Minas, por la que se otorga a Hornija Eólica, SLU, autorización administrativa previa y autorización administrativa de construcción, para la instalación solar fotovoltaica San Lorenzo D, de 34,377 MW de potencia instalada, para su hibridación con el parque eólico existente San Lorenzo D, de 33,75 MW, y sus infraestructuras de evacuación, en Castromonte, Torrelobatón y Peñaflor de Hornija (Valladolid), y se declara, en concreto, la utilidad pública.",AAC,resolución,True,"AAP,AAC,DUP","fotovoltaica,hibridación",True,resolución,"[""AAP"", ""AAC"", ""DUP""]","[""fotovoltaica"", ""eólica"", ""hibridación"", ""almacenamiento""]",0.98,"Texto menciona explícitamente ""autorización administrativa previa"" → AAP, ""autorización administrativa de construcción"" → AAC, y ""declarada... la utilidad pública"" → DUP. Tecnologías: ""instalación solar fotovoltaica"" → fotovoltaica, ""parque eólico existente"" → eólica, ""hibridación con el parque eólico"" → hibridación.",61.469
10,docm,"Anuncio de 15/01/2025, de la Dirección General de Calidad Ambiental, por el que se inicia el periodo de información pública de la solicitud de autorización ambiental integrada y del estudio de impacto ambiental del proyecto titulado: Planta de producción de hidrógeno verde de 200 MW, Proyecto Hydric a realizar en el término municipal de Puertollano (Ciudad Real), titularidad de la empresa Hydric Power, SL (expediente AAI-CR-101 y PRO-SC-24-1172).",AAI,anuncio,True,AAI,hidrógeno,True,anuncio,"[""AAI"", ""DIA""]","[""hidrógeno""]",0.98,"El anuncio informa de la información pública sobre una solicitud de ""autorización ambiental integrada"" (AAI) y del estudio de ""impacto ambiental"" asociado a un proyecto de ""hidrógeno verde"". Los procedimientos se infieren directamente de los nombres de las solicitudes.",52.638
11,docm,"Resolución de 11/12/2024, de la Dirección General de Calidad Ambiental, por la que se consideran no sustanciales a efectos de lo previsto en el texto refundido de la Ley de Prevención y Control Integrados de la Contaminación, aprobado por Real Decreto Legislativo 1/2016, de 16 de diciembre, las modificaciones propuestas por la empresa Holcim España, SA, en la instalación de fabricación de producción de cemento, en el término municipal de Villaluenga de la Sagra (Toledo) y se modifica la Resolución de 13/02/2019, por la que se revisa la autorización ambiental integrada otorgada para dicha instalación (expediente: AAI-TO-031).",AAI,resolución,True,AAI,,True,resolución,"[""AAI""]",[],0.92,"El texto menciona ""se modifica la Resolución... por la que se revisa la autorización ambiental integrada"", lo cual activa el procedimiento AAI según la regla de herencia de procedimientos en modificaciones. La industria del cemento no es una tecnología energética (fotovoltaica, eólica, etc.), por lo que `technologies=[]`. El documento es una resolución.",58.205
12,dog,"ANUNCIO de 19 de marzo de 2025, de la Dirección General de Calidad Ambiental y Sostenibilidad, por el que se da publicidad a la resolución por la que se deniega la solicitud de autorización ambiental integrada a Bioenergía Lugo, S.L.U. para una planta de gestión de residuos orgánicos y producción de biometano para su inyección en red, situada en el ayuntamiento de Lugo (expediente 2024-IPPC-I-25).",AAI,anuncio,True,AAI,biogás_biometano,True,anuncio,"[""AAI""]","[""biogás_biometano""]",0.98,"El texto menciona ""deniega la solicitud de autorización ambiental integrada"", lo que corresponde al procedimiento AAI. Además, se describe explícitamente una ""planta de gestión de residuos orgánicos y producción de biometano para su inyección en red"", identificando la tecnología biogás_biometano. El act_type es anuncio porque es un ANUNCIO por el que se da publicidad a la resolución.",59.184
13,boca,"Dirección General de Transición Ecológica y Lucha contra el Cambio Climático.- Resolución de 24 de enero de 2025, por la que se aprueba el Programa de Inspección Ambiental para el año 2025 de las instalaciones sujetas a autorización ambiental integrada en la Comunidad Autónoma de Canarias, según el texto refundido de la Ley de prevención y control integrados de la contaminación, aprobado por Real Decreto Legislativo 1/2016, de 16 de diciembre.",AAI,resolución,False,,,False,resolución,[],[],0.95,"La publicación es una resolución sobre un ""Programa de Inspección Ambiental"", no sobre un proyecto individual sujeto a DIA, AAP, AAC, AAI o IIA. No contiene ninguna descripción de acto administrativo regulado por la Ley 21/2013 o equivalente regional que otorgue alguno de los procedimientos N2 definidos (DIA, AAP, AAC, AAU, IIA, AAI, IAE).",67.573
14,bopa,"Anuncio por el que se hace pública la Resolución de la Consejería de Transición Ecológica, Industria y Comercio, de otorgamiento de la autorización ambiental integrada simplificada a la instalación de “fabricación de hormigones frescos” del titular Cementos Secil, S. L. U., ubicada en polígono industrial La Curiscada (Tineo). Expte. AAIS-042/24 (AUTO/2024/7375). [Cód. 2025-02278]",AAI,anuncio,True,AAI,,True,resolución,"[""AAI""]",[],0.95,"El texto menciona ""otorgamiento de la autorización ambiental integrada simplificada"", que corresponde al procedimiento AAI según las reglas críticas (Ejemplo 1). El proyecto es de fabricación de hormigones, no energético, por lo que technologies=[].",59.341
15,bon,"RESOLUCIÓN 533E/2024, de 5 de diciembre, del director del Servicio de Economía Circular e Innovación, por la que se acepta parcialmente el cambio solicitado de las condiciones de funcionamiento establecidas en la autorización ambiental integrada de la instalación de deshidratación de alfalfa, cuyo titular es Navarro Aragonesa de Forrajes SA, ubicada en término municipal de Peralta / Azkoien, de forma que la instalación y el desarrollo de la actividad deberán cumplir las condiciones establecidas en el anejo de la presente resolución.",AAI,resolución,True,AAI,,True,resolución,"[""AAI""]",[],0.95,"La descripción menciona ""autorización ambiental integrada"" (AAI) en relación con una instalación de deshidratación de alfalfa. No se mencionan tecnologías específicas del sector energético entre las definidas (fotovoltaica, eólica, hidrógeno, etc.), por lo que technologies=[] aunque el proyecto sea industrial.",53.584
16,doe,"Anuncio de 13 de enero de 2025 por el que se somete a información pública la petición de autorización administrativa previa de las instalaciones correspondientes al proyecto denominado CT Cárdeno nuevo de 630 kVA, en Fuentes de León. Expte.: 06/AT-18456/01732.",AAP,anuncio,True,AAP,línea_eléctrica,True,anuncio,"[""AAP""]","[""eólica""]",0.85,"El texto menciona ""autorización administrativa previa"" → AAP. Aunque no aparece explícitamente ""parque eólico"", CT Cárdeno nuevo de 630 kVA suele referirse a una instalación eólica (aunque la descripción es breve, la inferencia contextual sugiere este tipo). Justificación: ""somete a información pública la petición de autorización administrativa previa"" → [AAP].",56.063
17,bor,"Anuncio de Información Pública de la solicitud de autorización administrativa previa y de construcción de instalación eléctrica, y de su declaración de utilidad pública. AT/1970904",AAP,anuncio,True,"AAP,AAC,DUP",línea_eléctrica,True,anuncio,"[""AAP"", ""AAC"", ""DUP""]","[""línea_eléctrica""]",0.98,"El texto menciona explícitamente ""autorización administrativa previa"" (AAP), ""de construcción"" (AAC) y ""declaración de utilidad pública"" (DUP). Además, se trata de una instalación eléctrica → tecnología línea_eléctrica. Es un anuncio de información pública sobre solicitud → act_type=""anuncio"".",54.585
18,dogc,"Resolución TER/4683/2024, de 4 de diciembre, por la que se otorga a la empresa eDistribución Redes Digitales, SLU, la autorización administrativa previa y la autorización administrativa de construcción para la sustitución del transformador TR1 de 110/25 kV, de 25 MVA, por un transformador de 110/25 kV, de 30 MVA, en la SE Sant Hilari, en el término municipal de Sant Hilari Sacalm, en la provincia de Girona (exp. FUE-2024-03801430)",AAP,resolución,True,"AAP,AAC",línea_eléctrica,True,resolución,"[""AAP"", ""AAC""]","[""línea_eléctrica""]",0.98,"Texto explícito: ""otorga... la autorización administrativa previa y la autorización administrativa de construcción"" → [AAP, AAC]. Proyecto de sustitución de transformador 110/25 kV indica tecnología eléctrica → ""línea_eléctrica"". Confianza alta por menciones directas.",64.954
19,boa,"ANUNCIO del Servicio Provincial de Zaragoza del Departamento de Presidencia, Economía y Justicia, por el que se someten a información pública la modificación de la solicitud de autorización administrativa previa y de construcción de la modificación del proyecto del parqueeólico ""Espartal Eólico 3"" de 10 MW incluido en el Proyecto de Interés General de Aragón H2 Pillar Producción de H2 renovable en la Comarca de Zaragoza.  Expediente G-Z-2021-060.",AAP,anuncio,True,"AAP,AAC","eólica,hidrógeno",True,anuncio,"[""AAP"", ""AAC""]","[""eólica"", ""hidrógeno""]",0.95,"El texto describe un ""ANUNCIO"" de ""información pública"" sobre una solicitud de ""autorización administrativa previa y de construcción"" → activa etiquetas AAP y AAC según regla 3. La tecnología es claramente eólica (""parque eólico"") y también menciona hidrógeno (""H2 Pillar"", ""producción de H2""). El fragmento clave es: ""información pública la modificación de la solicitud de autorización administrativa previa y de construcción"".",61.911
20,docm,"Notificación de 13/03/2025, de la Secretaría General, por la que se da publicidad a la resolución del recurso de alzada interpuesto sobre autorización administrativa previa y autorización administrativa de construcción de la instalación solar fotovoltaica denominada Sauce Solar, infraestructuras auxiliares y de evacuación RA 181/2023.",AAP,notificación,True,"AAP,AAC",fotovoltaica,True,notificación,"[""AAP"", ""AAC""]","[""fotovoltaica""]",0.98,"La notificación hace publicidad a una resolución sobre ""autorización administrativa previa"" (AAP) y ""autorización administrativa de construcción"" (AAC). El fragmento ""instalación solar fotovoltaica"" confirma la tecnología ""fotovoltaica"". Se trata de un recurso de alzada, pero según las reglas, se hereda el tipo del procedimiento original.",54.255
21,bopv,"ANUNCIO de 20 de febrero de 2025, de la Delegada Territorial de Industria, Transición Energética y Sostenibilidad de Bizkaia, por el que se somete a información pública la solicitud de Autorización Administrativa Previa y Declaración de Impacto Ambiental del proyecto «Parque Eólico El Roble», en los términos municipales de Sopuerta, Zalla, Galdames y Güeñes (Bizkaia).

				
2025/01167",AAP,anuncio,True,"AAP,DIA",eólica,True,anuncio,"[""AAP"", ""DIA""]","[""eólica""]",0.98,"El texto es un ANUNCIO de información pública que menciona explícitamente la ""solicitud de Autorización Administrativa Previa"" (AAP) y ""Declaración de Impacto Ambiental"" (DIA). La instalación es un ""Parque Eólico"", lo que indica la tecnología eólica. Según la regla 13, los anuncios son relevantes si mencionan procedimientos ambientales.",57.803
22,boe,"Resolución de 14 de enero de 2025, de la Dirección General de Política Energética y Minas, por la que se otorga a I-DE Redes Eléctricas Inteligentes, SAU, autorización administrativa previa y autorización administrativa de construcción de la nueva línea subterránea de media tensión 20 kV, simple circuito, desde el centro de transformación Los Veras-San Pedro, hasta el entronque aéreo-subterráneo en Camino la Raya, en los términos municipales de Pilar de la Horadada (Alicante) y San Pedro de Pinatar (Murcia).",AAP,resolución,True,"AAP,AAC",línea_eléctrica,True,resolución,"[""AAP"", ""AAC""]","[""línea_eléctrica""]",0.98,"Texto explícito: ""autorización administrativa previa"" → AAP y ""autorización administrativa de construcción"" → AAC. Proyecto sobre ""nueva línea subterránea de media tensión"" → línea_eléctrica.",50.576
23,boa,"RESOLUCIÓN de 14 de febrero de 2025, del Servicio Provincial de Zaragoza, relativo a la autorización administrativa previa y de construcción, del proyecto planta solar fotovoltaica ""Romerosa"" de 450 kW en el término municipal de Lécera. Expediente: G-Z-2022-192.",AAP,resolución,True,"AAP,AAC",fotovoltaica,True,resolución,"[""AAP"", ""AAC""]","[""fotovoltaica""]",1.0,"La descripción menciona explícitamente ""autorización administrativa previa y de construcción"" → procedimientos AAP y AAC. El proyecto es una ""planta solar fotovoltaica"" → tecnología fotovoltaica. Es una resolución sobre procedimientos ambientales/energéticos → is_relevant=True.",49.885
24,borm,"Resolución de la Dirección General de Industria, Energía y Minas por la que se otorga a la empresa Sangonera Solar, S.L. la autorización administrativa previa, la autorización administrativa de construcción de la instalación eléctrica de producción denominada “Proyecto de planta solar FV “El Palmar I” de 1,2 MW (potencia instalada) y LA/SMT 20 kV evacuación”, y el reconocimiento en concreto, de la utilidad pública de la línea aérea/subterránea de alta tensión a 20 kV, de evacuación, en el término municipal de Murcia.",AAP,resolución,True,"AAP,AAC,DUP",línea_eléctrica,True,resolución,"[""AAP"", ""AAC"", ""DUP""]","[""fotovoltaica"", ""línea_eléctrica""]",0.98,"Texto: ""autorización administrativa previa"" → AAP; ""autorización administrativa de construcción"" → AAC; ""reconocimiento en concreto, de la utilidad pública"" → DUP. Tecnologías explícitas: ""planta solar FV"" (fotovoltaica) y ""línea aérea/subterránea de alta tensión"" (línea eléctrica).",67.921
25,docm,"Anuncio de 16/12/2024, de la Delegación Provincial de Desarrollo Sostenible de Toledo, sobre información pública de solicitud de Nexo FV, SL, para autorización administrativa previa de proyecto de instalación solar fotovoltaica denominada Santa María Solar, situada en el término municipal de Mesegar de Tajo. Referencia: PE-722.",AAP,anuncio,True,AAP,fotovoltaica,True,anuncio,"[""AAP""]","[""fotovoltaica""]",0.95,"""Anuncio de información pública sobre solicitud de autorización administrativa previa"" → [AAP]. ""instalación solar fotovoltaica"" → [fotovoltaica]. Anuncios sobre procedimientos ambientales son relevantes.",46.083
26,docm,"Resolución de 20/02/2025, de la Delegación Provincial de Desarrollo Sostenible de Toledo, de autorización administrativa previa y autorización administrativa de construcción de instalación eléctrica de alta tensión con número de expediente: E-45211122323 corresponde III.",AAP,resolución,True,"AAP,AAC",línea_eléctrica,True,resolución,"[""AAP"", ""AAC""]","[""línea_eléctrica""]",0.98,"El texto menciona explícitamente ""autorización administrativa previa"" (AAP) y ""autorización administrativa de construcción"" (AAC). La referencia a ""instalación eléctrica de alta tensión"" identifica la tecnología como línea eléctrica.",48.688
27,dogc,"Anuncio por el que se somete a información pública la solicitud de autorización administrativa previa, autorización administrativa de construcción, autorización del proyecto de actuación específica de interés público en suelo no urbanizable y evaluación de impacto ambiental del proyecto de la planta solar fotovoltaica denominada PS Vilobí, de 3,52 MW sobre terreno en suelo no urbanizable, y su infraestructura de evacuación, en el término municipal de Vilobí d'Onyar, en la comarca de La Selva (exp. FUE-2023-03615308, ref. 02911)",AAP,anuncio,True,"AAP,AAC,DIA",fotovoltaica,True,anuncio,"[""AAP"", ""AAC"", ""IAE""]","[""fotovoltaica""]",0.92,"Anuncio sobre solicitud que menciona ""autorización administrativa previa"" (AAP), ""autorización administrativa de construcción"" (AAC) y ""evaluación de impacto ambiental del proyecto"" (IAE). La planta es ""solar fotovoltaica"", por lo que incluye tecnología fotovoltaica.",59.405
28,dog,"RESOLUCIÓN de 25 de febrero de 2025, del Departamento Territorial de Lugo, por la que se concede la autorización administrativa previa y de construcción de una instalación eléctrica en el ayuntamiento de Lugo (expediente IN407A 2024/196 AT).",AAP_AAC,resolución,True,"AAP,AAC",línea_eléctrica,True,resolución,"[""AAP"", ""AAC""]","[""línea_eléctrica""]",0.98,"""concede la autorización administrativa previa y de construcción"" indica explícitamente tanto AAP como AAC. ""instalación eléctrica"" apunta a la tecnología de línea eléctrica.",46.671
29,dogc,"Resolución TER/4665/2024, de 19 de noviembre, de la Dirección General de Energía, por la que se otorga a Energia Inagotable de Anser, SL, la autorización administrativa previa y de construcción del proyecto de la planta solar fotovoltaica denominada Gualter, de 25 MW de potencia instalada sobre terreno en suelo no urbanizable, y su infraestructura de evacuación, líneas soterradas a 30 kV, subestación SED Gualter  30/110kV y línea aérea de alta tensión 110 kV, en el término municipal de Artesa de Segre, en la comarca de La Noguera (exp. FUE-2021-02207760)",AAP_AAC,resolución,True,"AAP,AAC","fotovoltaica,línea_eléctrica",True,resolución,"[""AAP"", ""AAC""]","[""fotovoltaica""]",0.98,"El texto menciona explícitamente ""autorización administrativa previa y de construcción"", que según la regla 3 equivale a [AAP, AAC]. Además, se cita una ""planta solar fotovoltaica"" → tecnología fotovoltaica.",56.557
30,dog,"RESOLUCIÓN de 31 de octubre de 2024, del Departamento Territorial de A Coruña, por la que se concede la autorización administrativa previa y de construcción de una instalación eléctrica en el ayuntamiento de San Sadurniño (expediente IN407A 2024/233-1).",AAP_AAC,resolución,True,"AAP,AAC",línea_eléctrica,True,resolución,"[""AAP"", ""AAC""]","[""línea_eléctrica""]",0.98,"La resolución concede explícitamente ""autorización administrativa previa y de construcción"" → [AAP, AAC]. Se trata de una instalación eléctrica → tecnología línea_eléctrica.",46.255
31,boa,"RESOLUCIÓN de 14 de noviembre de 2024, del Servicio Provincial de Zaragoza, relativo a la autorización administrativa previa y de construcción del proyecto planta solar fotovoltaica ""Torrubia"" de 500 kW en el término municipal de Muel. Expediente: G-Z-2023-157.",AAP_AAC,resolución,True,"AAP,AAC",fotovoltaica,True,resolución,"[""AAP"", ""AAC""]","[""fotovoltaica""]",0.95,"El texto menciona explícitamente ""autorización administrativa previa y de construcción"" → [AAP, AAC] (regla 3). La tecnología es ""planta solar fotovoltaica"" → fotovoltaica.",47.345
32,dogv,"RESOLUCIÓN de 12 de marzo de 2025, del Servicio Territorial de Industria, Energía y Minas de Valencia, por la que se da por desistido el titular del expediente ATALFE/2020/39, iniciado por Epower Solar Renewable, SL, de autorización administrativa previa y de construcción y declaración de utilidad pública en concreto, correspondiendo a la central fotovoltaica «PSF Aquila MT» y su infraestructura de evacuación, con potencia nominal del inversor limitado a 3 MW, que se tiene que ubicar en el término municipal de Utiel.",AAP_AAC,resolución,True,"AAC,AAP,DUP",fotovoltaica,True,resolución,"[""AAP"", ""AAC"", ""DUP""]","[""fotovoltaica""]",0.98,"El texto indica que se da por desistido el titular de un expediente iniciado por ""autorización administrativa previa y de construcción"" (AAP, AAC) y ""declaración de utilidad pública en concreto"" (DUP). Según la regla 10 sobre desistimientos heredan los procedimientos del acto original. La tecnología ""fotovoltaica"" se menciona explícitamente al describir el proyecto central «PSF Aquila MT».",61.129
33,dogc,"Resolución TER/4799/2024, de 16 de diciembre, por la que se otorga a Univergy ES SPC 25, SL, la autorización administrativa previa y de construcción del proyecto de la planta solar fotovoltaica llamada La Femosa, de 875 kW sobre terreno en suelo no urbanizable, y su infraestructura de evacuación, en el término municipal de Artesa de Lleida, en la comarca de El Segrià (exp. FUE-2022-02779916)",AAP_AAC,resolución,True,"AAP,AAC",fotovoltaica,True,resolución,"[""AAP"", ""AAC""]","[""fotovoltaica""]",0.98,"La descripción menciona explícitamente ""autorización administrativa previa"" (AAP) y ""autorización... de construcción"" (AAC). El proyecto es para una ""planta solar fotovoltaica"", lo que indica la tecnología.",50.153
34,dog,"RESOLUCIÓN de 14 de enero de 2025, del Departamento Territorial de Ourense, por la que se concede la autorización administrativa previa y de construcción y se declara, en concreto, de utilidad pública, a los efectos de la urgente ocupación, de una instalación eléctrica en el ayuntamiento de Avión (expediente IN407A 2024/112-3).",AAP_AAC,resolución,True,"AAP,AAC,DUP",línea_eléctrica,True,resolución,"[""AAP"", ""AAC"", ""DUP""]","[""línea_eléctrica""]",0.95,"El texto menciona explícitamente ""autorización administrativa previa"" (AAP), ""aprobación del proyecto de ejecución"" en el contexto de instalación eléctrica (AAC) y ""reconocimiento... de utilidad pública"" (DUP). Se trata de una instalación eléctrica, por lo que la tecnología es línea_eléctrica.",54.81
35,boe,"Anuncio de la Delegación Territorial de Economía, Hacienda, Fondos Europeos y de Industria, Energía y Minas en Sevilla, por la que se somete a trámite de audiencia a los interesados e información pública el procedimiento de autorización administrativa previa y de construcción y declaración, en concreto, de utilidad pública del proyecto de alta tensión denominado nueva subestación Puerto Sevilla, en el término municipal de Dos Hermanas (Sevilla).",AAP_AAC,anuncio,True,"AAP,AAC,DUP",línea_eléctrica,True,anuncio,"[""AAP"", ""AAC"", ""DUP""]","[""línea_eléctrica""]",0.98,"Anuncio de información pública que menciona explícitamente ""autorización administrativa previa"" (AAP), ""de construcción"" (AAC) y ""declaración, en concreto, de utilidad pública"" (DUP). El proyecto es una subestación de alta tensión, lo que activa la tecnología línea eléctrica.",59.969
36,boja,"Anuncio de 4 de febrero de 2025, de la Delegación Territorial de Sostenibilidad, Medio Ambiente y Economía Azul en Huelva, por el que se da publicidad a la nueva autorización ambiental unificada simplificada otorgada en esta provincia. (PP. 262/2025).",AAU,anuncio,True,AAU,,True,anuncio,"[""AAU""]",[],0.95,"El texto es un anuncio que da publicidad a una ""autorización ambiental unificada simplificada"", que corresponde exactamente al procedimiento AAU. No se menciona ninguna tecnología específica asociada, por lo que tecnologías=[]",53.974
37,boja,"Resolución 17 de febrero de 2025, de la Delegación Territorial de Sostenibilidad, Medio Ambiente y Economía Azul en Cádiz, por la que se da publicidad al informe vinculante de la autorización ambiental unificada para el proyecto que se cita, en los términos municipales de Jerez de la Frontera y Sanlúcar de Barrameda, en la provincia de Cádiz.",AAU,resolución,True,AAU,,True,resolución,"[""AAU""]",[],0.9,"El texto menciona explícitamente ""informe vinculante de la autorización ambiental unificada"", que corresponde al procedimiento AAU según la taxonomía. Aunque no se especifica la tecnología, el ámbito medioambiental lo hace relevante. La mención a proyectos en Cádiz con términos municipales Jerez y Sanlúcar de Barrameda refuerza el contexto ambiental local.",62.131
38,boja,"Resolución de 4 de marzo de 2025, de la Delegación Territorial de Sostenibilidad, Medio Ambiente y Economía Azul en Sevilla, por la que se da publicidad a la Resolución de 24 de febrero de 2025, de autorización ambiental unificada simplificada, para el proyecto que se cita, en el término municipal de Cantillana (Sevilla).",AAU,resolución,True,AAU,,True,resolución,"[""AAU""]",[],0.95,"El texto menciona ""autorización ambiental unificada simplificada"", que corresponde al procedimiento AAU según la definición de procedimientos N2. No se identifica ninguna tecnología específica en el texto proporcionado.",45.329
39,boja,"Acuerdo de 19 de diciembre de 2024, de la Delegación Territorial de Sostenibilidad, Medio Ambiente y Economía Azul en Málaga, por el que se abre un periodo de información pública sobre el expediente de autorización ambiental unificada para el proyecto que se cita, en los términos municipales de Cártama y Pizarra.",AAU,acuerdo,True,AAU,,True,acuerdo,"[""AAU""]",[],0.92,"El texto menciona ""expediente de autorización ambiental unificada"" (AAU), que es un procedimiento relevante según la taxonomía. El act_type es ""acuerdo"" por ser el tipo de acto administrativo descrito. La baja confianza en tecnologías se debe a que no se especifica la tecnología del proyecto, solo se menciona el ámbito territorial y los municipios, aunque podría inferirse que es ambiental pero no se puede clasificar tecnológicamente.",57.484
40,doe,"Anuncio de 31 de enero de 2025 por el que se pone a disposición del público la información relativa al procedimiento de solicitud de autorización ambiental unificada del proyecto de explotación porcina, promovido por Montemoheda, SL, en el término municipal de Guijo de Granadilla (Cáceres).",AAU,anuncio,True,AAU,,True,anuncio,"[""AAU""]",[],0.95,"Es un anuncio de información pública sobre solicitud de Autorización Ambiental Unificada (AAU). ""solicitud de autorización ambiental unificada"" identifica el procedimiento AAU claramente. El proyecto es porcino, por lo que no es energético y technologies=[].",47.377
41,boja,"Acuerdo de 24 de enero de 2025, de la Delegación Territorial de Sostenibilidad, Medio Ambiente y Economía Azul en Granada, por el que se da publicidad a la resolución de autorización ambiental unificada de proyecto obras para la captación de aguas subterráneas mediante sondeo para uso domestico estacional, en el término municipal de Huéscar (Granada). (PP. 171/2025).",AAU,acuerdo,True,AAU,,True,acuerdo,"[""AAU""]",[],0.95,"El texto menciona ""resolución de autorización ambiental unificada"", lo que identifica explícitamente el procedimiento AAU (equivalente regional a DIA). Aunque el proyecto es de captación de aguas, no se enmarca en las tecnologías listadas (no es energía), por lo que technologies=[], pero la clasificación es relevante por el procedimiento N2.",52.407
42,boja,"Acuerdo de 27 de noviembre de 2024, de la Delegación Territorial de Sostenibilidad, Medio Ambiente y Economía Azul en Granada, por el que se hace pública resolución de modificación de informe vinculante por el que se otorga la autorización ambiental unificada de plantas solares fotovoltaicas e infraestructuras de evacuación en los términos municipales de Cacín, El Turro, Alhama de Granada, Chimeneas, Moraleda de Zafayona, Pinos Puente, Íllora y Atarfe (Granada). (PP. 10163/2024).",AAU,acuerdo,True,AAU,"fotovoltaica,línea_eléctrica",True,acuerdo,"[""AAU""]","[""fotovoltaica"", ""almacenamiento""]",0.95,"El texto indica explícitamente que se hace pública la ""resolución de modificación de informe vinculante por el que se otorga la autorización ambiental unificada"" → procedimiento AAU. Las ""plantas solares fotovoltaicas e infraestructuras de evacuación"" identifican las tecnologías: [fotovoltaica, almacenamiento]. La referencia a plantas solares implica almacenamiento para gestión de intermitencia solar.",58.992
43,boja,"Resolución de 10 de marzo de 2025, de la Delegación Territorial de Sostenibilidad, Medio Ambiente y Economía Azul en Sevilla, por la que se da publicidad a la resolución de autorización ambiental unificada para el proyecto que se cita, en el término municipal de El Pedroso, provincia de Sevilla. (PP. 535/2025).",AAU,resolución,True,AAU,,True,resolución,"[""AAU""]",[],0.95,"""se da publicidad a la resolución de autorización ambiental unificada para el proyecto"" → AAU es explícitamente mencionado como procedimiento principal. No se mencionan tecnologías específicas en la descripción.",52.152
44,boa,"RESOLUCIÓN de 27 de enero de 2025, del Instituto Aragonés de Gestión Ambiental, por la que se formula la declaración de impacto ambiental del proyecto de la concentración parcelaria de la zona de Santed (Zaragoza), promovido por la Dirección General de Desarrollo Rural del Gobierno de Aragón. (Número de Expediente: INAGA 500201/01A/2022/07286).",DIA,resolución,True,DIA,,True,resolución,"[""DIA""]",[],0.98,"La descripción contiene ""se formula la declaración de impacto ambiental"", lo cual es explícitamente DIA según la regla 6. El proyecto es una concentración parcelaria, que no entra en las tecnologías N3 energéticas.",62.093
45,bopv,"ANUNCIO de 17 de enero de 2025, de la Delegada Territorial de Industria, Transición Energética y Sostenibilidad de Bizkaia, por el que se somete a información pública la solicitud de Autorización Administrativa Previa y Declaración de Impacto Ambiental del proyecto «Parque Eólico Iparaixe II, 21 MW, y sus infraestructuras de evacuación», en los términos municipales de Barakaldo y Valle de Trápaga-Trapagaran (Bizkaia).

				
2025/00477",DIA,anuncio,True,"AAP,DIA","eólica,línea_eléctrica",True,anuncio,"[""AAP"", ""DIA""]","[""eólica""]",0.98,"El texto es un anuncio de información pública sobre una solicitud que incluye explícitamente ""Autorización Administrativa Previa"" (AAP) y ""Declaración de Impacto Ambiental"" (DIA). Además, el proyecto es un parque eólico de 21 MW, por lo que la tecnología es claramente ""eólica"".",54.806
46,bocyl,"RESOLUCIÓN de 22 de enero de 2025, de la Dirección General de Infraestructuras y Sostenibilidad Ambiental, por la que se dicta la declaración de impacto ambiental del proyecto de planta de valorización de residuos para la producción de biometano, ubicada en la parcela 99 del polígono 619, del término municipal de San Millán de los Caballeros (León), promovido por «Biorig Energy San Millán - León, S.L.». Expte.: EIAO/2024/LE/008.",DIA,resolución,True,DIA,biogás_biometano,True,resolución,"[""DIA""]","[""biogás_biometano""]",0.98,"El texto menciona explícitamente ""se dicta la declaración de impacto ambiental"" del proyecto de planta de valorización de residuos para biometano, lo que activa el procedimiento DIA. La tecnología mencionada es ""biometano"".",50.796
47,bocyl,"RESOLUCIÓN de 21 de enero de 2025, de la Dirección General de Infraestructuras y Sostenibilidad Ambiental, por la que se dicta la declaración de impacto ambiental del proyecto de una planta de cogeneración de energía eléctrica y vapor de proceso a partir de biomasa, denominada «Roblum», y una planta anexa de captura de CO2, en el término municipal de La Robla (León), promovido por «Desarrollos Renovables Abies, S.L.».",DIA,resolución,True,DIA,biomasa,True,resolución,"[""DIA""]","[""biomasa""]",0.98,"El texto contiene ""se dicta la declaración de impacto ambiental"", que es el disparador explícito para DIA. Además, menciona ""planta de cogeneración... a partir de biomasa"" y ""captura de CO2"", confirmando biomasa como tecnología relevante.",52.181
48,dogv,"RESOLUCIÓN de 25 de noviembre de 2024, de la Dirección General de Urbanismo, Paisaje y Evaluación Ambiental, por la que se formula la declaración de impacto ambiental del proyecto de FV Alcoy, del término municipal de Alcoy. Expediente: (3658152) 305/2024/AIA.",DIA,resolución,True,DIA,fotovoltaica,True,resolución,"[""DIA""]","[""fotovoltaica""]",0.98,"La resolución ""formula la declaración de impacto ambiental"" (frase explícita que activa DIA) y el nombre del proyecto ""FV Alcoy"" indica tecnología fotovoltaica.",45.588
49,boa,"RESOLUCIÓN de 12 de febrero de 2025, del Instituto Aragonés de Gestión Ambiental, por la que se modifica puntualmente la de 3 de enero de 2017, en la que se formuló declaración de impacto ambiental y se otorgó la Autorización Ambiental Integrada para la ampliación de una explotación de ganado porcino de cebo hasta una capacidad de 4.160 plazas (499,20 UGM), situada en el polígono 6, parcela 117, del término municipal de Laluenga (Huesca), y promovida por Bal-Ben SC. (Número de Expediente: INAGA 500305/02/2024/09790).",DIA,resolución,True,"DIA,AAI",,True,resolución,"[""DIA"", ""AAI""]",[],0.98,"Texto: ""se formuló declaración de impacto ambiental"" → procedimiento DIA. Texto: ""se otorgó la Autorización Ambiental Integrada"" → procedimiento AAI. Es una resolución modificativa que hereda ambos procedimientos del acto anterior, confirmando la relevancia ambiental y la continuidad del expediente.",54.486
50,boe,"Anuncio del Área Funcional de Industria y Energía de la Delegación del Gobierno en Madrid, por el que se somete a información pública la solicitud de Autorización Administrativa Previa y Declaración de Impacto Ambiental del proyecto de la planta fotovoltaica FV Caiba, de 200 MW de potencia instalada, y su infraestructura de evacuación, en la Comunidad de Madrid, promovido por la Sociedad Desarrollos Renovables Iberia Dzeta, S.L.U. Exp.: PFOT-1169.",DIA,anuncio,True,"AAP,DIA","fotovoltaica,línea_eléctrica",True,anuncio,"[""AAP"", ""DIA""]","[""fotovoltaica""]",0.98,"El texto es un Anuncio que somete a información pública una solicitud de ""Autorización Administrativa Previa"" (AAP) y ""Declaración de Impacto Ambiental"" (DIA). El proyecto identificado es la ""planta fotovoltaica"", por lo que la tecnología es fotovoltaica.",53.741
51,dogv,"RESOLUCIÓN de 18 de febrero de 2025, de la Dirección General de Urbanismo, Paisaje y Evaluación Ambiental, por la que se formula declaración de impacto ambiental del proyecto de autorización ambiental integrada para una industria de fabricación de baterías, en el polígono 101, parcela 2 GAUSA (Parc Sagunt II), del término municipal de Sagunto. Expediente: (3675763) 15/2025/AIA.",DIA,resolución,True,"DIA,AAI",almacenamiento,True,resolución,"[""DIA"", ""AAI""]",[],0.95,"La descripción menciona ""formula declaración de impacto ambiental"" (regla 6 para DIA) y ""autorización ambiental integrada"" (AAI). La industria de baterías no está explícitamente vinculada a una tecnología energética en la lista, por lo que technologies=[] (no se infiere directamente fotovoltaica, eólica, etc. solo por el sector de baterías sin más detalle tecnológico específico como electrolizador o celdas solares asociadas).",60.345
52,boib,"Resolución de la directora general de Armonización Urbanística y Evaluación Ambiental por la que se formula la declaración de impacto ambiental sobre el Proyecto Básico de Reforma de vivienda en edificio existente para conversión en Agroturismo (“Torre de S’Almunia”) - Es Rafal des Porcs”, promovido por Maria del Milagro de Sarriera y Vargas-Zuñiga, TM de Santanyí) (Exp. 96A/2024)",DIA,resolución,True,DIA,,True,resolución,"[""DIA""]",[],0.95,"La descripción menciona explícitamente ""se formula la declaración de impacto ambiental"" sobre un proyecto básico, lo que corresponde al procedimiento DIA. El proyecto se trata de una reforma y conversión en agroturismo, no entra en las categorías de tecnologías energéticas definidas.",50.934
53,boca,"Viceconsejería de Transición Ecológica, Lucha contra el Cambio Climático y Energía.- Anuncio por el que se hace pública la Resolución de 11 de diciembre de 2024, que da publicidad al Acuerdo de la Comisión Autonómica de Evaluación Ambiental de 3 de diciembre de 2024, relativo a la Declaración de Impacto Ambiental del proyecto denominado “Parque Eólico El Vivero”, promovido por Ayagaures Medio Ambiente, S.L., en el término municipal de Agüimes, Gran Canaria.- Expte. 18/2024-0710134240.",DIA,anuncio,True,DIA,eólica,True,anuncio,"[""DIA""]","[""eólica""]",0.98,"El texto menciona ""Declaración de Impacto Ambiental"" en el contexto del proyecto eólico, lo que activa el procedimiento DIA y la tecnología eólica. El documento es un anuncio de resolución.",48.256
54,boib,"Resolución de la Directora General de Armonización Urbanística y Evaluación ambiental por la que se formula la declaración de impacto ambiental de la modificación sustancial de la AAI IPPC 02/2015 centro de recepción y pretratamiento de hidrocarburos, aceites usados y aguas aceitosas en el dique del Oeste a Palma, promovido por parte de Servmar Balear SL en la parcela 6.2.05 sector portuario San Carlos - Dique del Oeste, TM Palma (Exp. 33A/2024)",DIA,resolución,True,"DIA,AAI",petróleo,True,resolución,"[""DIA"", ""AAI""]","[""petróleo""]",0.98,"La descripción menciona explícitamente ""formula la declaración de impacto ambiental"" (DIA) y ""modificación sustancial de la AAI IPPC 02/2015"" (AAI), ambos en el mismo acto. El proyecto trata con hidrocarburos, aceites usados y aguas aceitosas, lo que implica tecnología de petróleo.",56.882
55,dogc,"Anuncio de información pública sobre la solicitud de modificación sustancial de la autorización ambiental con declaración de impacto ambiental de la actividad ganadera porcina promovida por La Cendrosa, SL, en el término municipal de Penelles (exp. FUE-2024-04049118)",DIA,anuncio,True,"DIA,AAI",,True,anuncio,"[""DIA""]",[],0.95,"""Anuncio de información pública sobre la solicitud de modificación sustancial de la autorización ambiental con declaración de impacto ambiental"" → el texto menciona explícitamente ""declaración de impacto ambiental"" como procedimiento activo (DIA). No se menciona AAI en esta publicación, solo la referencia a la modificación de una autorización previa que incluyó DIA.",52.143
56,dog,"RESOLUCIÓN de 7 de febrero de 2025, de la Dirección General de Planificación Energética y Minas, por la que se declara la utilidad pública, en concreto, sobre la finca núm. 114 de la RBDA de la infraestructura de distribución de energía eléctrica correspondiente al incremento de un circuito en la LAT 132 kV Mondoñedo-Meira, entre el apoyo 22 y la subestación de Meira, en los términos municipales de Mondoñedo y A Pastoriza (Lugo), y que promueve Begasa (expediente 2021/109 ATE).",DUP,resolución,True,DUP,línea_eléctrica,True,resolución,"[""DUP""]","[""línea_eléctrica""]",0.95,"""se declara la utilidad pública, en concreto"" → DUP. ""infraestructura de distribución de energía eléctrica"" y ""LAT 132 kV"" → línea_eléctrica. No se menciona DIA, AAP ni AAC explícitamente.",51.905
57,boe,"Resolución TER/4581/2024, de 10 de diciembre de 2024, del Departamento de Territorio, Vivienda y Transición Ecológica, de la Dirección General de Energía, por la que se otorga a la empresa Edistribución Redes Digitales SLU, la autorización administrativa previa, la autorización administrativa de construcción y la declaración de utilidad pública para la construcción de una nueva línea aérea de alta tensión de doble circuito 110 kV ""S.E. Masdenverge"" – (""S.E. Campredó-S.E. Tortosa"") y una nueva línea aérea de alta tensión de doble circuito 110 kV ""S.E. Masdenverge"" – (""S.E. Amposta I y II""), así como el desmontaje de 144 m de línea existente y la retirada del apoyo T31 existente, en el término municipal de Masdenverge, en la comarca del Montsià (Expediente número: FUE-2024-03749133).",DUP,resolución,True,"AAP,AAC,DUP",línea_eléctrica,True,resolución,"[""AAP"", ""AAC"", ""DUP""]","[""línea_eléctrica""]",0.98,"El texto menciona explícitamente ""autorización administrativa previa"" (AAP), ""autorización administrativa de construcción"" (AAC) y ""declaración de utilidad pública"" (DUP). Además, se describe una instalación eléctrica de alta tensión (líneas aéreas 110 kV), lo que encaja con la tecnología ""línea_eléctrica"".",62.564
58,bocyl,"RESOLUCIÓN de 21 de febrero de 2025, del Servicio Territorial de Industria, Comercio y Economía de Valladolid, de autorización administrativa previa, autorización administrativa de construcción de una instalación de producción de energía eléctrica por tecnología fotovoltaica denominada «FV Velilla», y el reconocimiento de utilidad pública, en concreto, de las infraestructuras de evacuación, en el término municipal de Tordesillas (Valladolid). Expte.: FV-2596; ATCE-115.",DUP,resolución,True,"AAP,AAC,DUP","fotovoltaica,línea_eléctrica",True,resolución,"[""AAP"", ""AAC"", ""DUP""]","[""fotovoltaica""]",0.98,"Texto explícito: ""autorización administrativa previa"" → AAP, ""autorización administrativa de construcción"" → AAC, y ""reconocimiento de utilidad pública, en concreto"" → DUP. Tecnología mencionada: ""instalación de producción de energía eléctrica por tecnología fotovoltaica"".",60.545
59,docm,"Anuncio de 03/01/2025, de la Delegación Provincial de Desarrollo Sostenible de Cuenca, sobre información pública de la solicitud de autorización administrativa previa, aprobación del proyecto de ejecución y reconocimiento en concreto de utilidad pública de la instalación eléctrica de alta tensión. Referencia: 16211-00081.",DUP,anuncio,True,"AAP,AAC,DUP",línea_eléctrica,True,anuncio,"[""AAP"", ""AAC"", ""DUP""]","[""línea_eléctrica""]",0.98,"La descripción contiene explícitamente los procedimientos: ""autorización administrativa previa"" (AAP), ""aprobación del proyecto de ejecución"" (AAC) y ""reconocimiento en concreto de utilidad pública"" (DUP). El anuncio se refiere a una instalación eléctrica de alta tensión, lo que implica la tecnología de línea eléctrica. Es un anuncio de información pública sobre una solicitud ambiental, por lo que es relevante según las reglas.",59.918
60,boa,"ANUNCIO del Instituto Aragonés de Gestión Ambiental, por el que se somete a información pública y concurrencia competitiva el expediente de autorización administrativa de concesión de uso privativo del dominio público forestal para la ocupación temporal de terrenos del monte de utilidad pública número T001, denominado ""El Cascalejo"", de titularidad del Ayuntamiento de Albarracín (Teruel), y sito en su término municipal, motivado por la instalación de fibra óptica para poder proporcionar servicio 5G, proyecto financiado con los Fondos Europeos ""Next Generation"" como parte del Plan de Recuperación y Resiliencia de la Unión Europea y promovido por Telefónica de España, SAU. (Número de Expediente: INAGA 440101/44/2024/11113).",DUP,anuncio,False,,,False,anuncio,[],[],0.98,"El texto describe un anuncio de información pública sobre una solicitud de autorización administrativa para el uso del dominio público forestal por una empresa (Telefónica) para instalación de fibra óptica 5G. No se mencionan ni sugieren explícitamente ninguno de los procedimientos ambientales específicos (DIA, AAP, AAC, AAU, IIA, AAI, IAE, DUP). Aunque la tecnología implicada es telecomunicaciones/fibra óptica y no está en la lista de tecnologías energéticas, la publicación no pertenece al universo ambiental-energético de evaluación de proyectos.",65.821
61,boe,"Anuncio de la Delegación Territorial de Economía, Hacienda, Fondos Europeos y de Industria, Energía y Minas en Sevilla, por el que se somete a información pública la petición realizada por la mercantil Naturgy Vento, S.A., por la que se solicita modificación de Autorización Administrativa Previa y de Construcción así como la Declaración en Concreto de Utilidad Pública, relativa a la instalación de generación de energía eléctrica mediante tecnología eólica denominada ""PE Villanueva 2"", con una potencia instalada de 18,00 MW, y ubicada en los términos municipales de Villanueva de San Juan, Pruna, Puebla de Cazalla y Morón de la Frontera(Sevilla).",DUP,anuncio,True,"AAP,AAC,DUP",eólica,True,anuncio,"[""AAP"", ""AAC"", ""DUP""]","[""eólica""]",0.98,"El texto es un anuncio sobre información pública de una solicitud que menciona explícitamente ""modificación de Autorización Administrativa Previa y de Construcción"" (dispara etiquetas AAP y AAC) y ""Declaración en Concreto de Utilidad Pública"" (etiqueta DUP). La tecnología ""eólica"" se identifica en el nombre del proyecto.",56.722
62,boca,"Viceconsejería de Planificación Territorial y Reto Demográfico.- Anuncio de 25 de febrero de 2025, por el que se somete a información pública el procedimiento de Evaluación Ambiental Estratégica Simplificada del Plan Especial de Ordenación del Suelo Urbano no consolidado UA La Rajita, término municipal de Vallehermoso, La Gomera.",IAE,anuncio,True,IAE,,True,anuncio,"[""IAE""]",[],0.95,"El anuncio hace pública la Evaluación Ambiental Estratégica del Plan Especial de Ordenación, que corresponde al procedimiento IAE (Informe/Declaración Ambiental Estratégico) según las reglas, aplicable a planes y programas. El fragmento ""sujeta a información pública el procedimiento de Evaluación Ambiental Estratégica Simplificada"" dispara la etiqueta IAE. No hay tecnologías explícitas ni proyectos energéticos mencionados.",55.667
63,bocyl,"ORDEN MAV/293/2025, de 24 de marzo, por la que se formula el informe ambiental estratégico de la modificación puntual n.º 1 del Plan General de Ordenación Urbana de El Espinar (Segovia). Expte.: EAES/2024/023.",IAE,orden,True,IAE,,True,orden,"[""IAE""]",[],0.98,"""se formula el informe ambiental estratégico"" del Plan General de Ordenación Urbana → IAE (procedimiento N2). Es un acto administrativo (Orden) que aplica a un plan, no a un proyecto individual.",52.707
64,bocyl,"ORDEN MAV/23/2025, de 17 de enero, por la que se formula el informe ambiental estratégico de la modificación puntual n.º 2 de las Normas Urbanísticas Municipales de Alar del Rey (Palencia). EAES/2024/066.",IAE,orden,True,IAE,,True,orden,"[""IAE""]",[],0.98,"El texto menciona ""formula el informe ambiental estratégico"", que corresponde al procedimiento IAE. Este se aplica a planes y programas (como las Normas Urbanísticas Municipales), no siendo un proyecto energético, por lo que technologies=[]",46.671
65,boja,"Resolución de 18 de marzo de 2025, de la Delegación Territorial de Sostenibilidad, Medio Ambiente y Economía Azul en Sevilla, por la que se da publicidad al informe ambiental estratégico que se cita, en el término municipal de La Rinconada (Sevilla).",IAE,resolución,True,IAE,,True,resolución,"[""IAE""]",[],0.95,"El texto menciona ""informe ambiental estratégico"", que corresponde al procedimiento IAE según la definición de evaluación para planes y programas. La confianza es alta ya que el término es explícito. No se mencionan tecnologías energéticas.",55.141
66,bocm,"Informe ambiental estratégico
– Resolución de 17 de febrero de 2025, de la Directora General de Transición Energética y Economía Circular de la Consejería de Medio Ambiente, Agricultura e Interior, por la que se acuerda hacer público el Informe Ambiental Estratégico de la Modificación Puntual número 1/2024 del Plan General de Ordenación Urbana de 1969, en calle Molino de la Cruz, con vuelta calle Calvario, en el término municipal de Los Molinos, promovido por el Ayuntamiento de Los Molinos. (Expediente: 26-UB2-00073.2/2024, SIA 24/073)",IAE,resolución,True,IAE,,True,información_pública,"[""IAE""]",[],0.95,"El texto menciona ""Informe Ambiental Estratégico"" aplicado a una ""Modificación Puntual número 1/2024 del Plan General de Ordenación Urbana"", lo cual corresponde al procedimiento IAE (aplicable a planes y programas, no proyectos individuales). El act es un anuncio de información pública sobre dicha solicitud.",66.271
67,bocyl,"ORDEN MAV/1586/2024, de 27 de diciembre, por la que se formula el informe ambiental estratégico de la modificación puntual n.º 35 de las Normas Subsidiarias de Planeamiento Municipal de El Royo (Soria). Expte.: EAES/2024/094.",IAE,orden,True,IAE,,True,orden,"[""IAE""]",[],0.95,"""formula el informe ambiental estratégico"" activa la etiqueta IAE, que se aplica a informes sobre planes y programas de planeamiento. La modificación puntual de normas de planeamiento es un plan/programa individual en este contexto.",55.57
68,docm,"Resolución de 13/02/2025, de la Delegación Provincial de Desarrollo Sostenible de Toledo, por la que se formula el informe de impacto ambiental del proyecto: Concesión de aguas para riego de 177,17 ha y abastecimiento, en la finca La Nava y Santo Tomé, en el término municipal de Los Yébenes y Marjaliza (Toledo) (expediente PRO-TO-21-2972), cuya promotora es Agronava 85 SL.",IIA,resolución,True,IIA,,True,resolución,"[""IIA""]",[],0.95,"El texto menciona explícitamente ""se formula el informe de impacto ambiental"", que corresponde al procedimiento IIA (Informes de Impacto Ambiental, evaluación simplificada) según las reglas críticas. Aunque el proyecto es agrícola (concesión de aguas), la publicación es relevante porque contiene un procedimiento ambiental listado.",52.39
69,dogv,"RESOLUCIÓN de 17 de febrero de 2025, de la Dirección General de Urbanismo, Paisaje y Evaluación Ambiental, por la que se formula informe de impacto ambiental del proyecto de sondeo para captación de aguas subterráneas, parcela 11, polígono 1, del término municipal de Chulilla. Expediente: (3633273) 311/2024/AIA.",IIA,resolución,True,IIA,,True,resolución,"[""IIA""]","[""línea_eléctrica""]",0.95,"El texto menciona ""formula informe de impacto ambiental"", que corresponde al procedimiento IIA (Informe de Impacto Ambiental). Aunque el proyecto es un sondeo para captación de aguas subterráneas, la normativa aplica este procedimiento ambiental independientemente del tipo de actividad.",52.148
70,dogv,"RESOLUCIÓN de 9 de agosto de 2024, de la DireccióN General de Urbanismo, Paisaje y Evaluación Ambiental, por la cual se formula informe de impacto ambiental del proyecto de reprofundización de sondeo para investigación de aguas subterráneas en la parcela 713 del polígono 1, partida Cumbre, al término municipal de Aras de los Olmos (Valencia). Expediente: (3525678) 164/2024/AIA.",IIA,resolución,True,IIA,,True,resolución,"[""IIA""]",[],0.95,"""formula informe de impacto ambiental"" corresponde al procedimiento IIA (Informe de Impacto Ambiental), que es relevante según la taxonomía independientemente del tipo de proyecto. No se menciona ""declaración"" sino ""informe"", diferenciando de DIA, y no hay indicios de tecnologías energéticas explícitas.",51.223
71,bocyl,"RESOLUCIÓN de 11 de febrero de 2025, de la Delegación Territorial de Ávila, por la que se dicta informe de impacto ambiental del proyecto de sondeo para abastecimiento de agua en la parcela 67 del polígono 16, en el término municipal de Arenas de San Pedro (Ávila), promovido por «Quantum Markethink, S.L.». Expte.: E.I.A.S/2024/AV/023.",IIA,resolución,True,IIA,,True,resolución,"[""IIA""]",[],0.98,"El texto menciona explícitamente ""dicta informe de impacto ambiental"" que corresponde al procedimiento IIA (Informe de Impacto Ambiental), distinto a DIA según la regla 5. El proyecto es un sondeo de agua, por lo que no se clasifican tecnologías energéticas.",51.169
72,bocyl,"RESOLUCIÓN de 15 de enero de 2025, de la Delegación Territorial de Valladolid, por la que se hace público el informe de impacto ambiental del proyecto de la instalación solar fotovoltaica «Zaratán III» y sus infraestructuras de evacuación, en los términos municipales de Zaratán y Valladolid, promovido por «Moralina Investments, S.L.U.». Expte.: EIA/VA/2024/07.",IIA,resolución,True,IIA,fotovoltaica,True,resolución,"[""IIA""]","[""fotovoltaica""]",0.95,"El texto menciona ""hace público el informe de impacto ambiental"" → IIA. También se especifica ""instalación solar fotovoltaica"" → fotovoltaica.",46.873
73,dogv,"RESOLUCIÓN de 11 de julio de 2024, de la Dirección General de Urbanismo, Paisaje y Evaluación Ambiental, por la que se formula informe de impacto ambiental del proyecto de sondeo para captación de aguas subterráneas, parcela 53 del polígono 13 de la partida Casa Nova en el término municipal de Font de la Figuera. Expediente: (3383470) 066/2024/AIA.",IIA,resolución,True,IIA,,True,resolución,"[""IIA""]",[],0.98,"El texto contiene ""formula informe de impacto ambiental"", que corresponde al procedimiento IIA (Informe de Impacto Ambiental - evaluación simplificada). El proyecto es un sondeo para captación de agua, no un proyecto energético, por lo que technologies=[].",49.246
74,boib,"Resolución de la directora general de Armonización Urbanística y Evaluación Ambiental por la cual se formula el informe de impacto ambiental del Proyecto de una captación de aguas subterráneas (sondeo), en la finca «Son Frare», polígono 7, parcela 233 en el T.M. de Petra. (Exp. 87a/2024)",IIA,resolución,True,IIA,,True,resolución,"[""IIA""]",[],0.95,"""formula el informe de impacto ambiental"" → IIA (distinto de DIA). Proyecto de captación de aguas subterráneas sin tecnología energética específica → technologies=[].",87.597
75,dogv,"RESOLUCIÓN de 20 de enero de 2025, de la Dirección General de Urbanismo, Paisaje y Evaluación Ambiental, por la cual se formula el informe de impacto ambiental del proyecto de sondeo para captación de aguas subterráneas en la parcela 68, polígono 10, del término municipal de Polop (Alicante). Expediente: (3635047) 302/2024/AIA.",IIA,resolución,True,IIA,,True,resolución,"[""IIA""]",[],1.0,"La descripción menciona explícitamente ""formula el informe de impacto ambiental"", lo que corresponde al procedimiento IIA (Informe de Impacto Ambiental). La tecnología no es energética (sondeo para captación de aguas), por lo que technologies=[].<|system_prompt|>: reasoning debe citar el fragmento exacto del texto que dispara cada etiqueta → fragmento: ""formula el informe de impacto ambiental""",56.035
76,boib,"Resolución de la Presidencia del Instituto Mallorquín de Asuntos Sociales (IMAS) por la que aprueba la lista definitiva de las personas aspirantes que han superado el proceso selectivo de estabilización por el sistema de concurso excepcional para el ingreso como personal laboral, categoría técnico/a auxiliar, especialidad Auxiliar Técnico/a Sociosanitario/a, grupo D (actual C2) de la Residencia Oms/Sant Miquel y de los centros de día Can Clar y Son Bru, se contrata como personal laboral indefinido (laboral fijo) y se adjudican los puestos de trabajo.",NEGATIVO,resolución,False,,,False,resolución,[],[],1.0,"La publicación trata sobre la estabilización y contratación de personal laboral en el ámbito sociosanitario, sin mencionar ningún procedimiento ambiental (DIA, AAP, AAC, etc.). Es una gestión de recursos humanos y no pertenece al dominio ambiental-energético monitorizado.",49.163
77,boe,"Resolución de 10 de febrero de 2025, de la Secretaría de Estado de Sanidad, por la que se convoca la provisión de puesto de trabajo por el sistema de libre designación.",NEGATIVO,resolución,False,,,False,resolución,[],[],1.0,"El texto menciona ""convoca la provisión de puesto de trabajo por el sistema de libre designación"", que es un procedimiento administrativo de recursos humanos y no un procedimiento ambiental o energético (N2). Por tanto, is_relevant=False.",46.675
78,doe,"Resolución de 27 de febrero de 2025, de la Dirección General de Tributos, por la que se emplaza a los posibles interesados en el recurso contencioso-administrativo tramitado por el procedimiento abreviado n.º 31/2025, seguido a instancias de la mercantil Automáticos Diana, SL, que versa sobre resolución de procedimiento sancionador en materia de juego.",NEGATIVO,resolución,False,,,False,resolución,[],[],0.98,"La publicación se trata de una resolución de emplazamiento en un recurso contencioso-administrativo sobre un procedimiento sancionador por juego, sin mencionar ningún procedimiento ambiental (DIA, AAP, AAC, etc.) ni tecnologías energéticas. Por lo tanto, no es relevante para el universo ambiental-energético.",50.413
79,boc,"Aprobación, exposición pública de los padrones fiscales de las Tasas por Abastecimiento de Agua Potable, Recogida de Residuos Sólidos Urbanos, Servicio de Alcantarillado y Canon de Saneamiento del cuarto trimestre de 2024, y apertura del periodo voluntario de cobro.",NEGATIVO,aprobación,False,,,False,anuncio,[],[],0.98,"El texto describe la aprobación de padrones fiscales (tasas de agua, residuos y alcantarillado) y el periodo voluntario de cobro. No menciona ninguno de los procedimientos ambientales N2 (DIA, AAP, AAC, AAU, IIA, AAI, IAE, DUP). Se trata de una publicación fiscal/administrativa general, no de un acto ambiental-energético específico según la taxonomía definida.",56.384
80,boa,"RESOLUCIÓN de 29 de enero de 2025, de la Gerencia de Sector de Alcañiz por la que se resuelve el procedimiento de provisión, por el sistema de libre designación, de un puesto de Supervisión de Unidad de Formación y Calidad en el Hospital de Alcañiz",NEGATIVO,resolución,False,,,False,resolución,[],[],1.0,"La resolución trata sobre provisión de un puesto en el Hospital (RRHH/sanidad), sin mencionar ningún procedimiento ambiental ni energético (DIA, AAP, AAC, AAU, IIA, AAI, IAE, DUP).",46.33
81,boe,VALENCIA,NEGATIVO,otros,False,,,False,otros,[],[],1.0,"La descripción ""VALENCIA"" es demasiado breve y genérica para identificar ningún procedimiento ambiental (DIA, AAP, AAC, etc.) ni tecnología específica según la taxonomía. No contiene términos clave que disparen las etiquetas de relevancia.",90.327
82,docm,"Resolución de 05/02/2025, de la Secretaría General, por la que se dispone la publicación de la prórroga del convenio de colaboración entre la Comunidad de Madrid y la Junta de Comunidades de Castilla-La Mancha, para la renovación de la utilización de los títulos de abono transportes del Consorcio Regional de Transportes de Madrid en los desplazamientos entre ambas comunidades autónomas para el año 2025.",NEGATIVO,resolución,False,,,False,resolución,[],[],0.98,"La publicación es una resolución sobre prórroga de un convenio de transporte y abono de tarifas, sin mención a ningún procedimiento ambiental (DIA, AAP, AAC, AAU, IIA, AAI, IAE, DUP). Se ajusta al criterio de is_relevant=False para convenios de transporte.",50.578
83,bon,Aprobación definitiva de la plantilla orgánica de 2025,NEGATIVO,aprobación,False,,,False,otros,[],[],1.0,"La publicación se refiere a ""Aprobación definitiva de la plantilla orgánica"", que es materia de recursos humanos y organización administrativa, no ambiental. No se menciona ningún procedimiento N2 (DIA, AAP, AAC, AAU, IIA, AAI, IAE, DUP) ni tecnología energética.",47.724
84,boe,U.R. SUBASTAS ANDALUCIA 41,NEGATIVO,otros,False,,,False,otros,[],[],0.98,"La descripción ""U.R. SUBASTAS ANDALUCIA 41"" se refiere a un procedimiento subasta (subvenciones/licitaciones), que según las reglas es is_relevant=False, ya que no contiene procedimientos ambientales N2 (DIA, AAP, AAC, etc.). No hay mención de tecnologías ni actos administrativos del dominio ambiental.",50.731
85,boe,"Resolución de 5 de marzo de 2025, de la Universidad Rey Juan Carlos, por la que se nombran Profesoras y Profesores Titulares de Universidad.",NEGATIVO,resolución,False,,,False,resolución,[],[],1.0,"La descripción menciona ""nombran Profesoras y Profesores Titulares de Universidad"", lo cual es un acto de RRHH, no un procedimiento ambiental. No se identifican ninguno de los procedimientos N2 (DIA, AAP, AAC, etc.).",47.08
86,bocm,"Resolución proceso selectivo
– Resolución de 6 de febrero de 2025, de la Dirección General de Función Pública, por la que se procede a la adjudicación de destinos correspondiente al proceso extraordinario de estabilización de empleo temporal para el acceso a plazas de carácter laboral de la categoría profesional de Titulado Superior, Especialidad Investigación Agropecuaria, Alimentaria y Medioambiental (Grupo I, Nivel 9, Área B) de la Comunidad de Madrid",NEGATIVO,resolución,False,,,False,resolución,[],[],1.0,"La publicación trata sobre un proceso selectivo y adjudicación de destinos en el ámbito de RRHH, sin mención a ningún procedimiento ambiental (DIA, AAP, AAC, etc.) ni a tecnologías energéticas. Se ajusta a las reglas para is_relevant=False en contenidos de recursos humanos.",57.64
87,bopa,"Resolución de 25 de febrero de 2025, de la Dirección Gerencia del Servicio de Salud del Principado de Asturias, por la que se hace público el listado provisional de puntuaciones y adjudicaciones de destinos funcionales en el proceso de movilidad voluntaria abierto y periódico para el acceso a plazas estatutarias de la Categoría de Facultativo Especialista de Área en Cirugía General y Aparato Digestivo. [Cód. 2025-01617]",NEGATIVO,resolución,False,,,False,resolución,[],[],1.0,"La publicación se refiere a un proceso de movilidad voluntaria y adjudicación de destinos en el ámbito de la salud (RRHH), sin mención de ningún procedimiento ambiental (DIA, AAP, AAC, IIA, etc.). No cumple con el criterio de relevancia para este dominio.",50.473
88,bon,Recaudación ejecutiva Acto que se notifica: Providencia de apremioReferencia: A216000/00002/2025,NEGATIVO,notificación,False,,,False,notificación,[],[],1.0,"La publicación es una notificación de providencia de apremio, que no corresponde a ningún procedimiento ambiental (DIA, AAP, AAC, etc.), sino a una gestión recaudatoria ejecutiva. No hay menciones a procedimientos del dominio ambiental-energético.",48.004
89,bor,Apertura del periodo de cobranza del padrón correspondiente a la cuota general del ejercicio 2024,NEGATIVO,otros,False,,,False,información_pública,[],[],1.0,"La descripción se refiere al ""padrón correspondiente a la cuota general"", que es un procedimiento fiscal/RRHH, no ambiental-energético. No contiene ningún procedimiento N2 (DIA, AAP, AAC, etc.).",44.804
90,docm,"Notificación de 09/01/2025, de la Delegación Provincial de Desarrollo Sostenible de Ciudad Real, por la que se notifica la hoja de aprecio de la beneficiaria en relación con procedimiento de expropiación forzosa (expediente 13211104834).",NEGATIVO,notificación,False,,,False,notificación,[],[],0.98,"El texto menciona ""hoja de aprecio"" y ""expropiación forzosa"", pero no identifica ningún procedimiento ambiental (DIA, AAP, AAC, etc.). Es un acto administrativo de expropiación que no cae dentro del ámbito ambiental-energético monitorizado según las reglas.",49.988
91,boe,Anuncio de formalización de contratos de: Junta de Contratación del Ministerio de Defensa. Objeto: Acuerdo marco de servicios de seguridad privada para el Ministerio de Defensa y sus Organismos Autónomos. Expediente: 2024/JCMDEF/00000024E.,NEGATIVO,anuncio,False,,,False,anuncio,[],[],1.0,"El texto describe un ""Anuncio de formalización de contratos"" y un ""Acuerdo marco de servicios de seguridad privada"". No se mencionan ningún procedimiento ambiental (DIA, AAP, AAC, etc.) ni tecnologías específicas del ámbito energético/ambiental. Se ajusta a las reglas para clasificar como no relevante.",50.108
92,bopa,"Resolución de 28 de enero de 2025, de la Consejería de Presidencia, Reto Demográfico, Igualdad y Turismo, por la que se convoca para su provisión por el sistema de libre designación un puesto de trabajo de Secretario/a de Despacho de la Dirección General de Reto Demográfico. [Cód. 2025-00755]",NEGATIVO,resolución,False,,,False,resolución,[],[],0.98,"El texto describe la convocatoria de un puesto de trabajo para Secretario/a de Despacho, lo cual pertenece al ámbito de Recursos Humanos. No se mencionan ningún procedimiento ambiental (DIA, AAP, AAC, AAU, IIA, AAI, IAE o DUP) ni tecnologías energéticas en la descripción proporcionada.",50.343
93,boa,"ORDEN HAP/252/2025, de 27 de febrero, por la que se da publicidad al Acuerdo de 26 de febrero de 2025, del Gobierno de Aragón, por el que se otorga la aprobación expresa y formal, ratificándolo, al Acuerdo de 18 de diciembre de 2024, de la Mesa Sectorial de Administración General de la Comunidad Autónoma de Aragón, por el que se modifica el Acuerdo de 17 de noviembre de 2021, sobre criterios generales para la elaboración de las relaciones de puestos de trabajo de la Administración del personal funcionario, laboral y eventual de la Administración de la Comunidad Autónoma de Aragón y sus organismos públicos.",NEGATIVO,orden,False,,,False,orden,[],[],1.0,"El texto describe una orden relativa a las relaciones de puestos de trabajo del personal funcionario y laboral, sin mencionar ningún procedimiento ambiental (DIA, AAP, AAC, AAU, IIA, AAI, IAE o DUP). La descripción se centra en la Administración del personal, lo que la clasifica como RRHH o gestión interna, por lo que is_relevant=False.",54.552
94,bor,"Resolución 2912/2024, de 30 de diciembre, de la Consejería de Hacienda, Gobernanza Pública, Sociedad Digital y Portavocía del Gobierno, por la que se autoriza la contratación de las personas que han superado las pruebas selectivas para la provisión de cinco plazas laborales de la Administración General de la Comunidad Autónoma de La Rioja, correspondientes a la categoría profesional de Analista (a extinguir por funcionarización) (E063C/22)",NEGATIVO,resolución,False,,,False,resolución,[],[],0.99,"La publicación es una resolución sobre contratación de personal laboral (RRHH), no contiene ningún procedimiento ambiental del dominio (DIA, AAP, AAC, etc.). El texto menciona ""autoriza la contratación de las personas"", que corresponde a un acto administrativo de recursos humanos y no ambiental.",59.717
95,dogv,"ANUNCIO sobre la contratación de personal laboral fijo para el puesto de trabajo 043.SERVSOC de la plantilla, por estabilización.",NEGATIVO,anuncio,False,,,False,anuncio,[],[],1.0,"El texto describe un anuncio sobre contratación de personal laboral, lo cual corresponde a temas de RRHH y plantillas, no a procedimientos ambientales (DIA, AAP, AAC, etc.). No hay mención alguna de evaluaciones o autorizaciones ambientales, por lo que is_relevant es False.",47.039
96,boib,"Notificación de Corrección de errores del Edicto núm. 1720, publicado ene el BOIB núm. 24 del 22 de febrero de 2025, referido a la Resolución de concesión a los beneficiarios de las ayudas, RES2 de fecha 11 de febrero de 2025, al amparo de la Resolución del Presidente del Fondo de Garantía Agraria y Pesquera de las Islas Baleares (FOGAIBA) por la que se convocan subvenciones para inversiones no productivas vinculadas a la realización de los compromisos de agroambiente y clima, para el año 2024",NEGATIVO,notificación,False,,,False,corrección_errores,[],[],1.0,"Se trata de una ""Notificación de Corrección de errores"" sobre un edicto y una resolución de subvenciones del fondo agroambiental, que corresponde a un acto administrativo no relacionado con los procedimientos ambientales energéticos listados (DIA, AAP, AAC, AAU, IIA, AAI, IAE, DUP). El texto no menciona ningún procedimiento ambiental ni tecnología específica del sector energético.",57.188
97,bopa,Anuncio. Modificación de la Relación de Puestos de Trabajo del Ayuntamiento de Langreo para la inclusión del puesto de Psicólogo/a del Centro Asesor de la Mujer. [Cód. 2025-02092],NEGATIVO,anuncio,False,,,False,anuncio,[],[],1.0,"El texto describe una ""Modificación de la Relación de Puestos de Trabajo"" (RRHH), no contiene ningún procedimiento ambiental N2 (DIA, AAP, AAC, etc.) y corresponde al ámbito de recursos humanos según las reglas dadas.",55.489
98,docm,"Anuncio de 08/01/2025, del Ayuntamiento de Torrijos (Toledo), sobre nombramientos como funcionarias de carrera para cubrir 2 plazas de auxiliar administrativo, Grupo C, Subgrupo C2.",NEGATIVO,anuncio,False,,,False,anuncio,[],[],1.0,"La descripción hace referencia a nombramientos de funcionarios (RRHH), no a ningún procedimiento ambiental o energético (N2). ""nombramientos como funcionarias"" activa la regla de exclusión para RRHH.",45.42
99,boe,BERGA,NEGATIVO,otros,False,,,False,otros,[],[],0.95,"La descripción ""BERGA"" es demasiado genérica y no permite identificar ningún procedimiento N2 (DIA, AAP, AAC, etc.) ni tecnología ambiental-energética específica. Parece ser un nombre de entidad o proyecto sin contexto sobre el acto administrativo.",45.104
